block ,row ,col ,pop ,mf ,rep ,pheno ,diam mm ,height cm ,total branch ,herb_ dam ,wilt status ,longest leaf cm ,flowers ,fruits ,longest fruit cm ,repro_ branch ,notes 
B1 ,1,A ,LVTR1 ,7,10,n/a ,n/a ,n/a ,n/a ,n/a ,n/a ,n/a ,n/a ,n/a ,n/a ,n/a ,
B1 ,1,B ,YO11 ,3,7,n/a ,n/a ,n/a ,n/a ,n/a ,n/a ,n/a ,n/a ,n/a ,n/a ,n/a ,
B1 ,2,A ,YO11 ,4,13,n/a ,n/a ,n/a ,n/a ,n/a ,n/a ,n/a ,n/a ,n/a ,n/a ,n/a ,
B1 ,2,B ,DPR ,1,2,n/a ,n/a ,n/a ,n/a ,n/a ,n/a ,n/a ,n/a ,n/a ,n/a ,n/a ,
B1 ,3,A ,FR ,4,10,n/a ,n/a ,n/a ,n/a ,n/a ,n/a ,n/a ,n/a ,n/a ,n/a ,n/a ,
B1 ,3,B ,WL1 ,3,11,n/a ,n/a ,n/a ,n/a ,n/a ,n/a ,n/a ,n/a ,n/a ,n/a ,n/a ,
B1 ,4,A ,LVTR1 ,3,2,n/a ,n/a ,n/a ,n/a ,n/a ,n/a ,n/a ,n/a ,n/a ,n/a ,n/a ,
B1 ,4,B ,LV3 ,3,7,n/a ,n/a ,n/a ,n/a ,n/a ,n/a ,n/a ,n/a ,n/a ,n/a ,n/a ,
B1 ,5,A ,WR ,1,5,X ,,,,,,,,,,,no plant 
B1 ,5,B ,YO7 ,3,8,X ,,,,,,,,,,,no plant 
B1 ,6,A ,YO7 ,7,12,X ,,,,,D,,,,,,
B1 ,6,B ,SQ1 ,2,10,n/a ,n/a ,n/a ,n/a ,n/a ,n/a ,n/a ,n/a ,n/a ,n/a ,n/a ,
B1 ,7,A ,SQ1 ,5,7,n/a ,n/a ,n/a ,n/a ,n/a ,n/a ,n/a ,n/a ,n/a ,n/a ,n/a ,
B1 ,7,B ,SQ2 ,2,7,X ,,,,,D ,,,,,,
B1 ,8,A ,IH ,1,4,n/a ,n/a ,n/a ,n/a ,n/a ,n/a ,n/a ,n/a ,n/a ,n/a ,n/a ,
B1 ,8,B ,TM2 ,7,1,S ,9.93,76.5,1,Y ,SW ,,0,301,8.1,1,
B1 ,9,A ,WL2 ,1,6,X ,,,,,D ,,,,,,
B1 ,9,B ,CP3 ,2,13,n/a ,n/a ,n/a ,n/a ,n/a ,n/a ,n/a ,n/a ,n/a ,n/a ,n/a ,
B1 ,10,A ,SQ1 ,4,1,n/a ,n/a ,n/a ,n/a ,n/a ,n/a ,n/a ,n/a ,n/a ,n/a ,n/a ,
B1 ,10,B ,FR ,1,2,n/a ,n/a ,n/a ,n/a ,n/a ,n/a ,n/a ,n/a ,n/a ,n/a ,n/a ,
B1 ,11,A ,SQ2 ,5,4,n/a ,n/a ,n/a ,n/a ,n/a ,n/a ,n/a ,n/a ,n/a ,n/a ,n/a ,
B1 ,11,B ,YO7 ,1,13,n/a ,n/a ,n/a ,n/a ,n/a ,n/a ,n/a ,n/a ,n/a ,n/a ,n/a ,
B1 ,12,A ,SQ2 ,3,10,V ,1.04,1.5,1,Y ,N ,1.1,,,,,
B1 ,12,B ,YO8 ,2,5,n/a ,n/a ,n/a ,n/a ,n/a ,n/a ,n/a ,n/a ,n/a ,n/a ,n/a ,
B1 ,13,A ,SQ3 ,6,2,n/a ,n/a ,n/a ,n/a ,n/a ,n/a ,n/a ,n/a ,n/a ,n/a ,n/a ,
B1 ,13,B ,WV ,5,5,n/a ,n/a ,n/a ,n/a ,n/a ,n/a ,n/a ,n/a ,n/a ,n/a ,n/a ,
B1 ,14,A ,YO11 ,6,4,n/a ,n/a ,n/a ,n/a ,n/a ,n/a ,n/a ,n/a ,n/a ,n/a ,n/a ,
B1 ,14,B ,IH ,3,4,n/a ,n/a ,n/a ,n/a ,n/a ,n/a ,n/a ,n/a ,n/a ,n/a ,n/a ,
B1 ,15,A ,CP2 ,5,6,n/a ,n/a ,n/a ,n/a ,n/a ,n/a ,n/a ,n/a ,n/a ,n/a ,n/a ,
B1 ,15,B ,YO7 ,5,3,X ,,,,,D ,,,,,,
B1 ,16,A ,DPR ,5,12,n/a ,n/a ,n/a ,n/a ,n/a ,n/a ,n/a ,n/a ,n/a ,n/a ,n/a ,
B1 ,16,B ,CC ,5,9,n/a ,n/a ,n/a ,n/a ,n/a ,n/a ,n/a ,n/a ,n/a ,n/a ,n/a ,
B1 ,17,A ,LV3 ,4,7,X ,,,,,D ,,,,,,
B1 ,17,B ,CP2 ,3,11,V ,,7.6,3,Y ,N ,3,,,,,bushy 
B1 ,18,A ,IH ,5,7,n/a ,n/a ,n/a ,n/a ,n/a ,n/a ,n/a ,n/a ,n/a ,n/a ,n/a ,
B1 ,18,B ,CC ,6,13,n/a ,n/a ,n/a ,n/a ,n/a ,n/a ,n/a ,n/a ,n/a ,n/a ,n/a ,
B1 ,19,A ,WV ,1,6,n/a ,n/a ,n/a ,n/a ,n/a ,n/a ,n/a ,n/a ,n/a ,n/a ,n/a ,
B1 ,19,B ,SQ2 ,7,8,n/a ,n/a ,n/a ,n/a ,n/a ,n/a ,n/a ,n/a ,n/a ,n/a ,n/a ,
B1 ,20,A ,LV1 ,6,3,n/a ,n/a ,n/a ,n/a ,n/a ,n/a ,n/a ,n/a ,n/a ,n/a ,n/a ,
B1 ,20,B ,YO11 ,2,1,n/a ,n/a ,n/a ,n/a ,n/a ,n/a ,n/a ,n/a ,n/a ,n/a ,n/a ,
B1 ,21,A ,YO8 ,5,2,n/a ,n/a ,n/a ,n/a ,n/a ,n/a ,n/a ,n/a ,n/a ,n/a ,n/a ,
B1 ,21,B ,DPR ,7,10,X ,,,,,D ,,,,,,no plant 
B1 ,22,A ,SC ,2,4,n/a ,n/a ,n/a ,n/a ,n/a ,n/a ,n/a ,n/a ,n/a ,n/a ,n/a ,
B1 ,22,B ,SC ,7,3,n/a ,n/a ,n/a ,n/a ,n/a ,n/a ,n/a ,n/a ,n/a ,n/a ,n/a ,
B2 ,23,A ,CP2 ,1,3,X ,,,,,D,,,,,,
B2 ,23,B ,SQ1 ,5,1,X ,,,,,D ,,,,,,
B2 ,24,A ,YO4 ,1,12,n/a ,n/a ,n/a ,n/a ,n/a ,n/a ,n/a ,n/a ,n/a ,n/a ,n/a ,
B2 ,24,B ,YO8 ,7,7,V ,10.63,16.6,1,Y ,N ,2.6,,,,,
B2 ,25,A ,DPR ,7,3,n/a ,n/a ,n/a ,n/a ,n/a ,n/a ,n/a ,n/a ,n/a ,n/a ,n/a ,
B2 ,25,B ,SQ3 ,7,1,X ,,,,,D,,,,,,
B2 ,26,A ,CP3 ,2,6,X ,,,,,D ,,,,,,
B2 ,26,B ,SQ3 ,5,9,n/a ,n/a ,n/a ,n/a ,n/a ,n/a ,n/a ,n/a ,n/a ,n/a ,n/a ,
B2 ,27,A ,YO4 ,6,1,n/a ,n/a ,n/a ,n/a ,n/a ,n/a ,n/a ,n/a ,n/a ,n/a ,n/a ,
B2 ,27,B ,WL2 ,7,11,V ,1.9,2.8,1,Y ,SW ,0.8,,,,,
B2 ,28,A ,YO11 ,2,13,n/a ,n/a ,n/a ,n/a ,n/a ,n/a ,n/a ,n/a ,n/a ,n/a ,n/a ,
B2 ,28,B ,SC ,1,7,n/a ,n/a ,n/a ,n/a ,n/a ,n/a ,n/a ,n/a ,n/a ,n/a ,n/a ,
B2 ,29,A ,DPR ,3,11,n/a ,n/a ,n/a ,n/a ,n/a ,n/a ,n/a ,n/a ,n/a ,n/a ,n/a ,
B2 ,29,B ,LV1 ,5,10,n/a ,n/a ,n/a ,n/a ,n/a ,n/a ,n/a ,n/a ,n/a ,n/a ,n/a ,
B2 ,30,A ,WL2 ,6,7,n/a ,n/a ,n/a ,n/a ,n/a ,n/a ,n/a ,n/a ,n/a ,n/a ,n/a ,
B2 ,30,B ,WV ,6,2,n/a ,n/a ,n/a ,n/a ,n/a ,n/a ,n/a ,n/a ,n/a ,n/a ,n/a ,
B2 ,31,A ,CP3 ,3,10,n/a ,n/a ,n/a ,n/a ,n/a ,n/a ,n/a ,n/a ,n/a ,n/a ,n/a ,
B2 ,31,B ,YO11 ,1,8,n/a ,n/a ,n/a ,n/a ,n/a ,n/a ,n/a ,n/a ,n/a ,n/a ,n/a ,
B2 ,32,A ,WV ,2,3,n/a ,n/a ,n/a ,n/a ,n/a ,n/a ,n/a ,n/a ,n/a ,n/a ,n/a ,
B2 ,32,B ,LV3 ,6,1,n/a ,n/a ,n/a ,n/a ,n/a ,n/a ,n/a ,n/a ,n/a ,n/a ,n/a ,
B2 ,33,A ,IH ,5,1,n/a ,n/a ,n/a ,n/a ,n/a ,n/a ,n/a ,n/a ,n/a ,n/a ,n/a ,
B2 ,33,B ,TM2 ,4,4,X ,,,,,D ,,,,,,no plant 
B2 ,34,A ,CC ,1,2,n/a ,n/a ,n/a ,n/a ,n/a ,n/a ,n/a ,n/a ,n/a ,n/a ,n/a ,
B2 ,34,B ,W ,3,7,X ,,,,,D,,,,,,no plant 
B2 ,35,A ,IH ,2,10,n/a ,n/a ,n/a ,n/a ,n/a ,n/a ,n/a ,n/a ,n/a ,n/a ,n/a ,
B2 ,35,B ,LV3 ,2,10,n/a ,n/a ,n/a ,n/a ,n/a ,n/a ,n/a ,n/a ,n/a ,n/a ,n/a ,
B2 ,36,A ,CP2 ,2,10,X ,,,,,D,,,,,,no plant 
B2 ,36,B ,SQ1 ,3,8,n/a ,n/a ,n/a ,n/a ,n/a ,n/a ,n/a ,n/a ,n/a ,n/a ,n/a ,
B2 ,37,A ,LVTR1 ,5,4,n/a ,n/a ,n/a ,n/a ,n/a ,n/a ,n/a ,n/a ,n/a ,n/a ,n/a ,
B2 ,37,B ,FR ,7,13,n/a ,n/a ,n/a ,n/a ,n/a ,n/a ,n/a ,n/a ,n/a ,n/a ,n/a ,
B2 ,38,A ,TM2 ,2,10,n/a ,n/a ,n/a ,n/a ,n/a ,n/a ,n/a ,n/a ,n/a ,n/a ,n/a ,
B2 ,38,B ,SQ3 ,2,8,n/a ,n/a ,n/a ,n/a ,n/a ,n/a ,n/a ,n/a ,n/a ,n/a ,n/a ,
B2 ,39,A ,WV ,4,12,n/a ,n/a ,n/a ,n/a ,n/a ,n/a ,n/a ,n/a ,n/a ,n/a ,n/a ,
B2 ,39,B ,CP3 ,4,13,X ,,,,,D ,,,,,,no plant 
B2 ,40,A ,LV1 ,7,1,n/a ,n/a ,n/a ,n/a ,n/a ,n/a ,n/a ,n/a ,n/a ,n/a ,n/a ,
B2 ,40,B ,YO7 ,4,8,n/a ,n/a ,n/a ,n/a ,n/a ,n/a ,n/a ,n/a ,n/a ,n/a ,n/a ,
B2 ,41,A ,TM2 ,7,12,n/a ,n/a ,n/a ,n/a ,n/a ,n/a ,n/a ,n/a ,n/a ,n/a ,n/a ,
B2 ,41,B ,FR ,4,3,n/a ,n/a ,n/a ,n/a ,n/a ,n/a ,n/a ,n/a ,n/a ,n/a ,n/a ,
B2 ,42,A ,SQ1 ,1,8,n/a ,n/a ,n/a ,n/a ,n/a ,n/a ,n/a ,n/a ,n/a ,n/a ,n/a ,
B2 ,42,B ,FR ,5,11,n/a ,n/a ,n/a ,n/a ,n/a ,n/a ,n/a ,n/a ,n/a ,n/a ,n/a ,
B2 ,43,A ,YO4 ,4,10,n/a ,n/a ,n/a ,n/a ,n/a ,n/a ,n/a ,n/a ,n/a ,n/a ,n/a ,
B2 ,43,B ,LVTR1 ,4,1,X ,,,,,D ,,,,,,no plant 
B2 ,44,A ,YO8 ,4,9,n/a ,n/a ,n/a ,n/a ,n/a ,n/a ,n/a ,n/a ,n/a ,n/a ,n/a ,
B2 ,44,B ,YO8 ,5,12,X ,,,,,D ,,,,,,no plant 
B1 ,1,C ,LV1 ,4,13,X ,,,,,D ,,,,,,no plant 
B1 ,1,D ,YO4 ,5,3,n/a ,n/a ,n/a ,n/a ,n/a ,n/a ,n/a ,n/a ,n/a ,n/a ,n/a ,
B1 ,2,C ,YO4 ,7,10,n/a ,n/a ,n/a ,n/a ,n/a ,n/a ,n/a ,n/a ,n/a ,n/a ,n/a ,
B1 ,2,D ,YO4 ,2,7,n/a ,n/a ,n/a ,n/a ,n/a ,n/a ,n/a ,n/a ,n/a ,n/a ,n/a ,
B1 ,3,C ,CP2 ,7,1,n/a ,n/a ,n/a ,n/a ,n/a ,n/a ,n/a ,n/a ,n/a ,n/a ,n/a ,
B1 ,3,D ,YO4 ,1,2,X ,,,,,D ,,,,,,no plant 
B1 ,4,C ,SQ3 ,3,5,n/a ,n/a ,n/a ,n/a ,n/a ,n/a ,n/a ,n/a ,n/a ,n/a ,n/a ,
B1 ,4,D ,CP2 ,1,11,n/a ,n/a ,n/a ,n/a ,n/a ,n/a ,n/a ,n/a ,n/a ,n/a ,n/a ,
B1 ,5,C ,DPR ,6,8,n/a ,n/a ,n/a ,n/a ,n/a ,n/a ,n/a ,n/a ,n/a ,n/a ,n/a ,
B1 ,5,D ,WV ,2,9,n/a ,n/a ,n/a ,n/a ,n/a ,n/a ,n/a ,n/a ,n/a ,n/a ,n/a ,
B1 ,6,C ,CP3 ,1,7,n/a ,n/a ,n/a ,n/a ,n/a ,n/a ,n/a ,n/a ,n/a ,n/a ,n/a ,
B1 ,6,D ,CP3 ,4,3,n/a ,n/a ,n/a ,n/a ,n/a ,n/a ,n/a ,n/a ,n/a ,n/a ,n/a ,
B1 ,7,C ,BH ,1,2,n/a ,n/a ,n/a ,n/a ,n/a ,n/a ,n/a ,n/a ,n/a ,n/a ,n/a ,
B1 ,7,D ,SQ3 ,4,12,n/a ,n/a ,n/a ,n/a ,n/a ,n/a ,n/a ,n/a ,n/a ,n/a ,n/a ,
B1 ,8,C ,WL2 ,2,13,V ,,11.5,6,Y ,W ,1.8,,,,0,bushy 
B1 ,8,D ,LVTR1 ,4,7,X ,,,,,D ,,,,,,no plant 
B1 ,9,C ,SC ,3,9,n/a ,n/a ,n/a ,n/a ,n/a ,n/a ,n/a ,n/a ,n/a ,n/a ,n/a ,
B1 ,9,D ,SQ3 ,1,11,n/a ,n/a ,n/a ,n/a ,n/a ,n/a ,n/a ,n/a ,n/a ,n/a ,n/a ,
B1 ,10,C ,DPR ,4,4,n/a ,n/a ,n/a ,n/a ,n/a ,n/a ,n/a ,n/a ,n/a ,n/a ,n/a ,
B1 ,10,D ,SQ3 ,7,8,n/a ,n/a ,n/a ,n/a ,n/a ,n/a ,n/a ,n/a ,n/a ,n/a ,n/a ,
B1 ,11,C ,WV ,3,13,n/a ,n/a ,n/a ,n/a ,n/a ,n/a ,n/a ,n/a ,n/a ,n/a ,n/a ,
B1 ,11,D ,LVTR1 ,5,10,n/a ,n/a ,n/a ,n/a ,n/a ,n/a ,n/a ,n/a ,n/a ,n/a ,n/a ,
B1 ,12,C ,WL2 ,4,2,X ,,,,,D ,,,,,,no plant 
B1 ,12,D ,YO4 ,3,10,n/a ,n/a ,n/a ,n/a ,n/a ,n/a ,n/a ,n/a ,n/a ,n/a ,n/a ,
B1 ,13,C ,WR ,3,2,X ,,,,,D ,,,,,,no plant 
B1 ,13,D ,WL2 ,6,13,n/a ,n/a ,n/a ,n/a ,n/a ,n/a ,n/a ,n/a ,n/a ,n/a ,n/a ,
B1 ,14,C ,LVTR1 ,1,9,n/a ,n/a ,n/a ,n/a ,n/a ,n/a ,n/a ,n/a ,n/a ,n/a ,n/a ,
B1 ,14,D ,CP3 ,5,6,n/a ,n/a ,n/a ,n/a ,n/a ,n/a ,n/a ,n/a ,n/a ,n/a ,n/a ,
B1 ,15,C ,YO4 ,6,7,X ,,,,,D,,,,,,no plant 
B1 ,15,D ,LV1 ,1,2,n/a ,n/a ,n/a ,n/a ,n/a ,n/a ,n/a ,n/a ,n/a ,n/a ,n/a ,
B1 ,16,C ,LV1 ,7,8,n/a ,n/a ,n/a ,n/a ,n/a ,n/a ,n/a ,n/a ,n/a ,n/a ,n/a ,
B1 ,16,D ,LV1 ,3,8,X ,,,,,D ,,,,,,no plant 
B1 ,17,C ,WV ,6,8,n/a ,n/a ,n/a ,n/a ,n/a ,n/a ,n/a ,n/a ,n/a ,n/a ,n/a ,
B1 ,17,D ,CC ,1,10,n/a ,n/a ,n/a ,n/a ,n/a ,n/a ,n/a ,n/a ,n/a ,n/a ,n/a ,
B1 ,18,C ,FR ,3,2,n/a ,n/a ,n/a ,n/a ,n/a ,n/a ,n/a ,n/a ,n/a ,n/a ,n/a ,
B1 ,18,D ,CP3 ,6,10,n/a ,n/a ,n/a ,n/a ,n/a ,n/a ,n/a ,n/a ,n/a ,n/a ,n/a ,
B1 ,19,C ,YO7 ,6,7,X ,,,,,D ,,,,,,no plant 
B1 ,19,D ,YO8 ,3,11,V ,3.3,3.3,1,N ,SW ,1.7,,,,0,
B1 ,20,C ,WV ,7,11,n/a ,n/a ,n/a ,n/a ,n/a ,n/a ,n/a ,n/a ,n/a ,n/a ,n/a ,
B1 ,20,D ,TM2 ,2,8,n/a ,n/a ,n/a ,n/a ,n/a ,n/a ,n/a ,n/a ,n/a ,n/a ,n/a ,
B1 ,21,C ,YO8 ,6,6,n/a ,n/a ,n/a ,n/a ,n/a ,n/a ,n/a ,n/a ,n/a ,n/a ,n/a ,
B1 ,21,D ,LV1 ,2,5,n/a ,n/a ,n/a ,n/a ,n/a ,n/a ,n/a ,n/a ,n/a ,n/a ,n/a ,
B1 ,22,C ,SQ2 ,1,2,X ,,,,,D ,,,,,,no plant 
B1 ,22,D ,TM2 ,3,3,n/a ,n/a ,n/a ,n/a ,n/a ,n/a ,n/a ,n/a ,n/a ,n/a ,n/a ,
B2 ,23,C ,LV1 ,3,2,n/a ,n/a ,n/a ,n/a ,n/a ,n/a ,n/a ,n/a ,n/a ,n/a ,n/a ,
B2 ,23,D ,SQ3 ,4,2,n/a ,n/a ,n/a ,n/a ,n/a ,n/a ,n/a ,n/a ,n/a ,n/a ,n/a ,
B2 ,24,C ,SQ2 ,6,9,n/a ,n/a ,n/a ,n/a ,n/a ,n/a ,n/a ,n/a ,n/a ,n/a ,n/a ,
B2 ,24,D ,SQ3 ,1,5,V ,,7,1,Y ,N ,2.7,,,,,bushy 
B2 ,25,C ,DPR ,5,6,n/a ,n/a ,n/a ,n/a ,n/a ,n/a ,n/a ,n/a ,n/a ,n/a ,n/a ,
B2 ,25,D ,LVTR1 ,2,9,X ,,,,,D ,,,,,,no plant 
B2 ,26,C ,SC ,4,9,n/a ,n/a ,n/a ,n/a ,n/a ,n/a ,n/a ,n/a ,n/a ,n/a ,n/a ,
B2 ,26,D ,WL1 ,5,12,n/a ,n/a ,n/a ,n/a ,n/a ,n/a ,n/a ,n/a ,n/a ,n/a ,n/a ,
B2 ,27,C ,SC ,3,3,n/a ,n/a ,n/a ,n/a ,n/a ,n/a ,n/a ,n/a ,n/a ,n/a ,n/a ,
B2 ,27,D ,YO11 ,4,6,n/a ,n/a ,n/a ,n/a ,n/a ,n/a ,n/a ,n/a ,n/a ,n/a ,n/a ,
B2 ,28,C ,CC ,6,2,n/a ,n/a ,n/a ,n/a ,n/a ,n/a ,n/a ,n/a ,n/a ,n/a ,n/a ,
B2 ,28,D ,SQ2 ,3,4,X ,,,,,D ,,,,,,no plant 
B2 ,29,C ,CP3 ,7,9,n/a ,n/a ,n/a ,n/a ,n/a ,n/a ,n/a ,n/a ,n/a ,n/a ,n/a ,
B2 ,29,D ,CP2 ,4,11,n/a ,n/a ,n/a ,n/a ,n/a ,n/a ,n/a ,n/a ,n/a ,n/a ,n/a ,
B2 ,30,C ,YO11 ,5,10,n/a ,n/a ,n/a ,n/a ,n/a ,n/a ,n/a ,n/a ,n/a ,n/a ,n/a ,
B2 ,30,D ,YO7 ,1,7,n/a ,n/a ,n/a ,n/a ,n/a ,n/a ,n/a ,n/a ,n/a ,n/a ,n/a ,
B2 ,31,C ,WL2 ,5,7,X ,,,,,D,,,,,,no plant 
B2 ,31,D ,YO7 ,7,5,n/a ,n/a ,n/a ,n/a ,n/a ,n/a ,n/a ,n/a ,n/a ,n/a ,n/a ,
B2 ,32,C ,WR ,3,13,n/a ,n/a ,n/a ,n/a ,n/a ,n/a ,n/a ,n/a ,n/a ,n/a ,n/a ,
B2 ,32,D ,SQ2 ,2,1,n/a ,n/a ,n/a ,n/a ,n/a ,n/a ,n/a ,n/a ,n/a ,n/a ,n/a ,
B2 ,33,C ,FR ,6,13,n/a ,n/a ,n/a ,n/a ,n/a ,n/a ,n/a ,n/a ,n/a ,n/a ,n/a ,
B2 ,33,D ,IH ,6,7,n/a ,n/a ,n/a ,n/a ,n/a ,n/a ,n/a ,n/a ,n/a ,n/a ,n/a ,
B2 ,34,C ,DPR ,1,12,n/a ,n/a ,n/a ,n/a ,n/a ,n/a ,n/a ,n/a ,n/a ,n/a ,n/a ,
B2 ,34,D ,WR ,2,9,X ,,,,,D,,,,,,no plant 
B2 ,35,C ,LVTR1 ,1,3,n/a ,n/a ,n/a ,n/a ,n/a ,n/a ,n/a ,n/a ,n/a ,n/a ,n/a ,
B2 ,35,D ,YO11 ,7,7,n/a ,n/a ,n/a ,n/a ,n/a ,n/a ,n/a ,n/a ,n/a ,n/a ,n/a ,
B2 ,36,C ,LV1 ,4,7,n/a ,n/a ,n/a ,n/a ,n/a ,n/a ,n/a ,n/a ,n/a ,n/a ,n/a ,
B2 ,36,D ,YO4 ,3,4,n/a ,n/a ,n/a ,n/a ,n/a ,n/a ,n/a ,n/a ,n/a ,n/a ,n/a ,
B2 ,37,C ,YO8 ,3,3,n/a ,n/a ,n/a ,n/a ,n/a ,n/a ,n/a ,n/a ,n/a ,n/a ,n/a ,
B2 ,37,D ,SQ2 ,4,10,n/a ,n/a ,n/a ,n/a ,n/a ,n/a ,n/a ,n/a ,n/a ,n/a ,n/a ,
B2 ,38,C ,WV ,7,5,n/a ,n/a ,n/a ,n/a ,n/a ,n/a ,n/a ,n/a ,n/a ,n/a ,n/a ,
B2 ,38,D ,SQ1 ,6,9,n/a ,n/a ,n/a ,n/a ,n/a ,n/a ,n/a ,n/a ,n/a ,n/a ,n/a ,
B2 ,39,C ,YO4 ,7,4,X ,,,,,D ,,,,,,no plant 
B2 ,39,D ,YO7 ,6,1,n/a ,n/a ,n/a ,n/a ,n/a ,n/a ,n/a ,n/a ,n/a ,n/a ,n/a ,
B2 ,40,C ,CP3 ,6,4,X ,,,,,D ,,,,,,no plant 
B2 ,40,D ,YO8 ,1,11,n/a ,n/a ,n/a ,n/a ,n/a ,n/a ,n/a ,n/a ,n/a ,n/a ,n/a ,
B2 ,41,C ,WL2 ,2,7,n/a ,n/a ,n/a ,n/a ,n/a ,n/a ,n/a ,n/a ,n/a ,n/a ,n/a ,
B2 ,41,D ,LVTR1 ,7,1,n/a ,n/a ,n/a ,n/a ,n/a ,n/a ,n/a ,n/a ,n/a ,n/a ,n/a ,
B2 ,42,C ,CC ,5,1,n/a ,n/a ,n/a ,n/a ,n/a ,n/a ,n/a ,n/a ,n/a ,n/a ,n/a ,
B2 ,42,D ,LV1 ,1,12,n/a ,n/a ,n/a ,n/a ,n/a ,n/a ,n/a ,n/a ,n/a ,n/a ,n/a ,
B2 ,43,C ,CP3 ,1,1,n/a ,n/a ,n/a ,n/a ,n/a ,n/a ,n/a ,n/a ,n/a ,n/a ,n/a ,
B2 ,43,D ,TM2 ,6,8,X ,,,,,D ,,,,,,no plant 
B2 ,44,C ,YO7 ,3,2,n/a ,n/a ,n/a ,n/a ,n/a ,n/a ,n/a ,n/a ,n/a ,n/a ,n/a ,
B2 ,44,D ,CP2 ,6,7,n/a ,n/a ,n/a ,n/a ,n/a ,n/a ,n/a ,n/a ,n/a ,n/a ,n/a ,
C1 ,1,A ,YO4 ,5,6,n/a ,n/a ,n/a ,n/a ,n/a ,n/a ,n/a ,n/a ,n/a ,n/a ,n/a ,
C1 ,1,B ,DPR ,2,1,n/a ,n/a ,n/a ,n/a ,n/a ,n/a ,n/a ,n/a ,n/a ,n/a ,n/a ,
C1 ,2,A ,SQ3 ,6,5,n/a ,n/a ,n/a ,n/a ,n/a ,n/a ,n/a ,n/a ,n/a ,n/a ,n/a ,
C1 ,2,B ,FR ,5,1,n/a ,n/a ,n/a ,n/a ,n/a ,n/a ,n/a ,n/a ,n/a ,n/a ,n/a ,
C1 ,3,A ,FR ,7,3,n/a ,n/a ,n/a ,n/a ,n/a ,n/a ,n/a ,n/a ,n/a ,n/a ,n/a ,
C1 ,3,B ,YO8 ,2,8,n/a ,n/a ,n/a ,n/a ,n/a ,n/a ,n/a ,n/a ,n/a ,n/a ,n/a ,
C1 ,4,A ,DPR ,4,7,V ,9.9,13.2,1,Y ,N ,2.7,,,,0,
C1 ,4,B ,YO8 ,4,2,n/a ,n/a ,n/a ,n/a ,n/a ,n/a ,n/a ,n/a ,n/a ,n/a ,n/a ,
C1 ,5,A ,CP3 ,1,10,n/a ,n/a ,n/a ,n/a ,n/a ,n/a ,n/a ,n/a ,n/a ,n/a ,n/a ,
C1 ,5,B ,IH ,5,12,n/a ,n/a ,n/a ,n/a ,n/a ,n/a ,n/a ,n/a ,n/a ,n/a ,n/a ,
C1 ,6,A ,SQ2 ,1,5,X ,,,,,D ,,,,,,no plant 
C1 ,6,B ,YO8 ,6,9,n/a ,n/a ,n/a ,n/a ,n/a ,n/a ,n/a ,n/a ,n/a ,n/a ,n/a ,
C1 ,7,A ,CP2 ,4,2,n/a ,n/a ,n/a ,n/a ,n/a ,n/a ,n/a ,n/a ,n/a ,n/a ,n/a ,
C1 ,7,B ,LVTR1 ,7,13,X ,,,,,D ,,,,,,no plant 
C1 ,8,A ,CP2 ,2,3,n/a ,n/a ,n/a ,n/a ,n/a ,n/a ,n/a ,n/a ,n/a ,n/a ,n/a ,
C1 ,8,B ,WL1 ,5,2,n/a ,n/a ,n/a ,n/a ,n/a ,n/a ,n/a ,n/a ,n/a ,n/a ,n/a ,
C1 ,9,A ,SQ1 ,2,13,n/a ,n/a ,n/a ,n/a ,n/a ,n/a ,n/a ,n/a ,n/a ,n/a ,n/a ,
C1 ,9,B ,CP3 ,3,3,n/a ,n/a ,n/a ,n/a ,n/a ,n/a ,n/a ,n/a ,n/a ,n/a ,n/a ,
C1 ,10,A ,BH ,1,5,n/a ,n/a ,n/a ,n/a ,n/a ,n/a ,n/a ,n/a ,n/a ,n/a ,n/a ,
C1 ,10,B ,YO7 ,6,11,X ,,,,,D ,,,,,,no plant 
C1 ,11,A ,YO11 ,3,10,X ,,,,,D ,,,,,,no plant 
C1 ,11,B ,TM2 ,7,4,n/a ,n/a ,n/a ,n/a ,n/a ,n/a ,n/a ,n/a ,n/a ,n/a ,n/a ,
C1 ,12,A ,YO11 ,6,10,X ,,,,,,,,,,,no plant 
C1 ,12,B ,SQ3 ,2,1,n/a ,n/a ,n/a ,n/a ,n/a ,n/a ,n/a ,n/a ,n/a ,n/a ,n/a ,
C1 ,13,A ,YO11 ,2,6,n/a ,n/a ,n/a ,n/a ,n/a ,n/a ,n/a ,n/a ,n/a ,n/a ,n/a ,
C1 ,13,B ,LVTR1 ,2,1,V ,0.52,1,1,N ,N ,0.7,,,,0,
C1 ,14,A ,DPR ,7,13,n/a ,n/a ,n/a ,n/a ,n/a ,n/a ,n/a ,n/a ,n/a ,n/a ,n/a ,
C1 ,14,B ,LVTR1 ,6,3,X ,,,,,D ,,,,,,no plant 
C1 ,15,A ,WL2 ,1,12,n/a ,n/a ,n/a ,n/a ,n/a ,n/a ,n/a ,n/a ,n/a ,n/a ,n/a ,
C1 ,15,B ,SQ2 ,7,11,V ,6.6,14,3,Y ,W ,2.4,,,,0,
C1 ,16,A ,WR ,3,5,V ,15.61,13.5,2,Y ,N ,7,,,,0,
C1 ,16,B ,WL2 ,3,3,X ,,,,,D ,,,,,,no plant 
C1 ,17,A ,YO8 ,1,3,n/a ,n/a ,n/a ,n/a ,n/a ,n/a ,n/a ,n/a ,n/a ,n/a ,n/a ,
C1 ,17,B ,LV1 ,2,8,n/a ,n/a ,n/a ,n/a ,n/a ,n/a ,n/a ,n/a ,n/a ,n/a ,n/a ,
C1 ,18,A ,LV3 ,4,5,n/a ,n/a ,n/a ,n/a ,n/a ,n/a ,n/a ,n/a ,n/a ,n/a ,n/a ,
C1 ,18,B ,IH ,2,2,n/a ,n/a ,n/a ,n/a ,n/a ,n/a ,n/a ,n/a ,n/a ,n/a ,n/a ,
C1 ,19,A ,WR ,1,12,n/a ,n/a ,n/a ,n/a ,n/a ,n/a ,n/a ,n/a ,n/a ,n/a ,n/a ,
C1 ,19,B ,YO8 ,5,5,n/a ,n/a ,n/a ,n/a ,n/a ,n/a ,n/a ,n/a ,n/a ,n/a ,n/a ,
C1 ,20,A ,LVTR1 ,4,10,X ,,,,,,,,,,,no plant 
C1 ,20,B ,CC ,4,12,n/a ,n/a ,n/a ,n/a ,n/a ,n/a ,n/a ,n/a ,n/a ,n/a ,n/a ,
C1 ,21,A ,WL2 ,4,13,X ,,,,,,,,,,,no plant 
C1 ,21,B ,SQ3 ,3,8,n/a ,n/a ,n/a ,n/a ,n/a ,n/a ,n/a ,n/a ,n/a ,n/a ,n/a ,
C1 ,22,A ,IH ,3,7,n/a ,n/a ,n/a ,n/a ,n/a ,n/a ,n/a ,n/a ,n/a ,n/a ,n/a ,
C1 ,22,B ,WV ,5,8,n/a ,n/a ,n/a ,n/a ,n/a ,n/a ,n/a ,n/a ,n/a ,n/a ,n/a ,
C2 ,23,A ,YO7 ,2,12,n/a ,n/a ,n/a ,n/a ,n/a ,n/a ,n/a ,n/a ,n/a ,n/a ,n/a ,
C2 ,23,B ,WV ,7,3,n/a ,n/a ,n/a ,n/a ,n/a ,n/a ,n/a ,n/a ,n/a ,n/a ,n/a ,
C2 ,24,A ,LV1 ,1,10,V ,7.01,6.6,2,Y ,N ,2.3,,,,0,
C2 ,24,B ,CC ,4,2,n/a ,n/a ,n/a ,n/a ,n/a ,n/a ,n/a ,n/a ,n/a ,n/a ,n/a ,
C2 ,25,A ,SC ,5,6,n/a ,n/a ,n/a ,n/a ,n/a ,n/a ,n/a ,n/a ,n/a ,n/a ,n/a ,
C2 ,25,B ,YO8 ,1,8,X ,,,,,,,,,,,no plant 
C2 ,26,A ,WV ,5,13,n/a ,n/a ,n/a ,n/a ,n/a ,n/a ,n/a ,n/a ,n/a ,n/a ,n/a ,
C2 ,26,B ,DPR ,1,10,n/a ,n/a ,n/a ,n/a ,n/a ,n/a ,n/a ,n/a ,n/a ,n/a ,n/a ,
C2 ,27,A ,LVTR1 ,1,1,n/a ,n/a ,n/a ,n/a ,n/a ,n/a ,n/a ,n/a ,n/a ,n/a ,n/a ,
C2 ,27,B ,YO11 ,4,4,n/a ,n/a ,n/a ,n/a ,n/a ,n/a ,n/a ,n/a ,n/a ,n/a ,n/a ,
C2 ,28,A ,LV1 ,2,13,n/a ,n/a ,n/a ,n/a ,n/a ,n/a ,n/a ,n/a ,n/a ,n/a ,n/a ,
C2 ,28,B ,CC ,5,10,n/a ,n/a ,n/a ,n/a ,n/a ,n/a ,n/a ,n/a ,n/a ,n/a ,n/a ,
C2 ,29,A ,WL1 ,5,9,n/a ,n/a ,n/a ,n/a ,n/a ,n/a ,n/a ,n/a ,n/a ,n/a ,n/a ,
C2 ,29,B ,YO7 ,7,3,X ,,,,,,,,,,,no plant 
C2 ,30,A ,WL2 ,3,11,n/a ,n/a ,n/a ,n/a ,n/a ,n/a ,n/a ,n/a ,n/a ,n/a ,n/a ,
C2 ,30,B ,WV ,3,5,n/a ,n/a ,n/a ,n/a ,n/a ,n/a ,n/a ,n/a ,n/a ,n/a ,n/a ,
C2 ,31,A ,FR ,7,8,n/a ,n/a ,n/a ,n/a ,n/a ,n/a ,n/a ,n/a ,n/a ,n/a ,n/a ,
C2 ,31,B ,IH ,3,12,V ,16,18.2,4,Y ,N ,8.5,,,,0,
C2 ,32,A ,SQ3 ,6,11,n/a ,n/a ,n/a ,n/a ,n/a ,n/a ,n/a ,n/a ,n/a ,n/a ,n/a ,
C2 ,32,B ,TM2 ,6,4,n/a ,n/a ,n/a ,n/a ,n/a ,n/a ,n/a ,n/a ,n/a ,n/a ,n/a ,
C2 ,33,A ,LV1 ,6,12,n/a ,n/a ,n/a ,n/a ,n/a ,n/a ,n/a ,n/a ,n/a ,n/a ,n/a ,
C2 ,33,B ,TM2 ,7,9,n/a ,n/a ,n/a ,n/a ,n/a ,n/a ,n/a ,n/a ,n/a ,n/a ,n/a ,
C2 ,34,A ,YO7 ,4,5,n/a ,n/a ,n/a ,n/a ,n/a ,n/a ,n/a ,n/a ,n/a ,n/a ,n/a ,
C2 ,34,B ,DPR ,5,4,n/a ,n/a ,n/a ,n/a ,n/a ,n/a ,n/a ,n/a ,n/a ,n/a ,n/a ,
C2 ,35,A ,YO7 ,1,5,n/a ,n/a ,n/a ,n/a ,n/a ,n/a ,n/a ,n/a ,n/a ,n/a ,n/a ,
C2 ,35,B ,YO8 ,7,8,n/a ,n/a ,n/a ,n/a ,n/a ,n/a ,n/a ,n/a ,n/a ,n/a ,n/a ,
C2 ,36,A ,WR ,2,5,n/a ,n/a ,n/a ,n/a ,n/a ,n/a ,n/a ,n/a ,n/a ,n/a ,n/a ,
C2 ,36,B ,FR ,3,12,n/a ,n/a ,n/a ,n/a ,n/a ,n/a ,n/a ,n/a ,n/a ,n/a ,n/a ,
C2 ,37,A ,SQ3 ,5,7,n/a ,n/a ,n/a ,n/a ,n/a ,n/a ,n/a ,n/a ,n/a ,n/a ,n/a ,
C2 ,37,B ,YO11 ,1,6,n/a ,n/a ,n/a ,n/a ,n/a ,n/a ,n/a ,n/a ,n/a ,n/a ,n/a ,
C2 ,38,A ,TM2 ,5,12,n/a ,n/a ,n/a ,n/a ,n/a ,n/a ,n/a ,n/a ,n/a ,n/a ,n/a ,
C2 ,38,B ,LV3 ,2,8,n/a ,n/a ,n/a ,n/a ,n/a ,n/a ,n/a ,n/a ,n/a ,n/a ,n/a ,
C2 ,39,A ,CP2 ,6,5,n/a ,n/a ,n/a ,n/a ,n/a ,n/a ,n/a ,n/a ,n/a ,n/a ,n/a ,
C2 ,39,B ,SC ,3,1,n/a ,n/a ,n/a ,n/a ,n/a ,n/a ,n/a ,n/a ,n/a ,n/a ,n/a ,
C2 ,40,A ,YO11 ,5,8,X ,,,,,,,,,,,no plant 
C2 ,40,B ,CP3 ,2,4,n/a ,n/a ,n/a ,n/a ,n/a ,n/a ,n/a ,n/a ,n/a ,n/a ,n/a ,
C2 ,41,A ,LVTR1 ,6,9,X ,,,,,,,,,,,no plant 
C2 ,41,B ,FR ,1,8,n/a ,n/a ,n/a ,n/a ,n/a ,n/a ,n/a ,n/a ,n/a ,n/a ,n/a ,
C2 ,42,A ,SQ2 ,1,11,X ,,,,,,,,,,,no plant 
C2 ,42,B ,LVTR1 ,3,11,n/a ,n/a ,n/a ,n/a ,n/a ,n/a ,n/a ,n/a ,n/a ,n/a ,n/a ,
C2 ,43,A ,SQ3 ,1,3,n/a ,n/a ,n/a ,n/a ,n/a ,n/a ,n/a ,n/a ,n/a ,n/a ,n/a ,
C2 ,43,B ,SQ2 ,4,8,X ,,,,,,,,,,,no plant 
C2 ,44,A ,WV ,4,9,n/a ,n/a ,n/a ,n/a ,n/a ,n/a ,n/a ,n/a ,n/a ,n/a ,n/a ,
C2 ,44,B ,WV ,2,1,n/a ,n/a ,n/a ,n/a ,n/a ,n/a ,n/a ,n/a ,n/a ,n/a ,n/a ,
C1 ,1,C ,YO4 ,2,10,X ,,,,,,,,,,,
C1 ,1,D ,CC ,7,7,X ,,,,,,,,,,,no plant 
C1 ,2,C ,LV1 ,3,11,V ,8.13,7.7,4,Y ,N ,3.6,,,,0,
C1 ,2,D ,WV ,6,11,n/a ,n/a ,n/a ,n/a ,n/a ,n/a ,n/a ,n/a ,n/a ,n/a ,n/a ,
C1 ,3,C ,YO7 ,2,5,n/a ,n/a ,n/a ,n/a ,n/a ,n/a ,n/a ,n/a ,n/a ,n/a ,n/a ,
C1 ,3,D ,SC ,7,6,n/a ,n/a ,n/a ,n/a ,n/a ,n/a ,n/a ,n/a ,n/a ,n/a ,n/a ,
C1 ,4,C ,SQ2 ,2,10,n/a ,n/a ,n/a ,n/a ,n/a ,n/a ,n/a ,n/a ,n/a ,n/a ,n/a ,
C1 ,4,D ,DPR ,3,3,n/a ,n/a ,n/a ,n/a ,n/a ,n/a ,n/a ,n/a ,n/a ,n/a ,n/a ,
C1 ,5,C ,CP3 ,7,2,V ,,7.3,3,Y ,SW ,4,,,,0,bushy 
C1 ,5,D ,YO7 ,3,11,n/a ,n/a ,n/a ,n/a ,n/a ,n/a ,n/a ,n/a ,n/a ,n/a ,n/a ,
C1 ,6,C ,LV1 ,6,7,n/a ,n/a ,n/a ,n/a ,n/a ,n/a ,n/a ,n/a ,n/a ,n/a ,n/a ,
C1 ,6,D ,SC ,2,7,n/a ,n/a ,n/a ,n/a ,n/a ,n/a ,n/a ,n/a ,n/a ,n/a ,n/a ,
C1 ,7,C ,YO4 ,6,10,n/a ,n/a ,n/a ,n/a ,n/a ,n/a ,n/a ,n/a ,n/a ,n/a ,n/a ,
C1 ,7,D ,LV1 ,5,3,X ,,,,,,,,,,,no plant 
C1 ,8,C ,YO4 ,7,13,X ,,,,,D,,,,,,
C1 ,8,D ,LV3 ,3,10,n/a ,n/a ,n/a ,n/a ,n/a ,n/a ,n/a ,n/a ,n/a ,n/a ,n/a ,
C1 ,9,C ,SQ2 ,5,9,V ,6.25,9.2,3,Y ,W ,6,,,,0,
C1 ,9,D ,WL2 ,7,4,X ,,,,,D ,,,,,,
C1 ,10,C ,LV1 ,1,5,n/a ,n/a ,n/a ,n/a ,n/a ,n/a ,n/a ,n/a ,n/a ,n/a ,n/a ,
C1 ,10,D ,LV1 ,7,11,n/a ,n/a ,n/a ,n/a ,n/a ,n/a ,n/a ,n/a ,n/a ,n/a ,n/a ,
C1 ,11,C ,WV ,2,12,X ,,,,,,,,,,,no plant 
C1 ,11,D ,CC ,2,8,n/a ,n/a ,n/a ,n/a ,n/a ,n/a ,n/a ,n/a ,n/a ,n/a ,n/a ,
C1 ,12,C ,SQ1 ,4,6,n/a ,n/a ,n/a ,n/a ,n/a ,n/a ,n/a ,n/a ,n/a ,n/a ,n/a ,
C1 ,12,D ,CP3 ,4,6,n/a ,n/a ,n/a ,n/a ,n/a ,n/a ,n/a ,n/a ,n/a ,n/a ,n/a ,
C1 ,13,C ,SC ,3,12,n/a ,n/a ,n/a ,n/a ,n/a ,n/a ,n/a ,n/a ,n/a ,n/a ,n/a ,
C1 ,13,D ,SQ3 ,7,11,X ,,,,,,,,,,,no plant 
C1 ,14,C ,YO4 ,3,13,V ,8.14,8.2,2,Y ,SW ,3.4,,,,0,
C1 ,14,D ,SQ1 ,5,11,n/a ,n/a ,n/a ,n/a ,n/a ,n/a ,n/a ,n/a ,n/a ,n/a ,n/a ,
C1 ,15,C ,CP3 ,5,10,n/a ,n/a ,n/a ,n/a ,n/a ,n/a ,n/a ,n/a ,n/a ,n/a ,n/a ,
C1 ,15,D ,SQ2 ,3,13,X ,,,,,,,,,,,no plant 
C1 ,16,C ,CP2 ,7,4,n/a ,n/a ,n/a ,n/a ,n/a ,n/a ,n/a ,n/a ,n/a ,n/a ,n/a ,
C1 ,16,D ,YO4 ,1,5,n/a ,n/a ,n/a ,n/a ,n/a ,n/a ,n/a ,n/a ,n/a ,n/a ,n/a ,
C1 ,17,C ,WV ,1,9,n/a ,n/a ,n/a ,n/a ,n/a ,n/a ,n/a ,n/a ,n/a ,n/a ,n/a ,
C1 ,17,D ,YO11 ,5,3,n/a ,n/a ,n/a ,n/a ,n/a ,n/a ,n/a ,n/a ,n/a ,n/a ,n/a ,
C1 ,18,C ,LVTR1 ,3,5,V ,8.1,10.6,4,Y ,SW ,4.7,n/a,n/a,n/a,0,
C1 ,18,D ,YO11 ,1,1,n/a ,n/a ,n/a ,n/a ,n/a ,n/a ,n/a ,n/a ,n/a ,n/a ,n/a ,
C1 ,19,C ,WV ,4,3,n/a ,n/a ,n/a ,n/a ,n/a ,n/a ,n/a ,n/a ,n/a ,n/a ,n/a ,
C1 ,19,D ,DPR ,1,5,n/a ,n/a ,n/a ,n/a ,n/a ,n/a ,n/a ,n/a ,n/a ,n/a ,n/a ,
C1 ,20,C ,CP2 ,5,11,X ,,,,,,,,,,,no plant
C1 ,20,D ,FR ,3,7,n/a ,n/a ,n/a ,n/a ,n/a ,n/a ,n/a ,n/a ,n/a ,n/a ,n/a ,
C1 ,21,C ,SQ3 ,5,2,n/a ,n/a ,n/a ,n/a ,n/a ,n/a ,n/a ,n/a ,n/a ,n/a ,n/a ,
C1 ,21,D ,TM2 ,3,8,n/a ,n/a ,n/a ,n/a ,n/a ,n/a ,n/a ,n/a ,n/a ,n/a ,n/a ,
C1 ,22,C ,YO7 ,5,7,n/a ,n/a ,n/a ,n/a ,n/a ,n/a ,n/a ,n/a ,n/a ,n/a ,n/a ,
C1 ,22,D ,TM2 ,5,6,n/a ,n/a ,n/a ,n/a ,n/a ,n/a ,n/a ,n/a ,n/a ,n/a ,n/a ,
C2 ,23,C ,SQ2 ,6,13,n/a ,n/a ,n/a ,n/a ,n/a ,n/a ,n/a ,n/a ,n/a ,n/a ,n/a ,
C2 ,23,D ,CP3 ,4,11,n/a ,n/a ,n/a ,n/a ,n/a ,n/a ,n/a ,n/a ,n/a ,n/a ,n/a ,
C2 ,24,C ,CC ,7,13,n/a ,n/a ,n/a ,n/a ,n/a ,n/a ,n/a ,n/a ,n/a ,n/a ,n/a ,
C2 ,24,D ,YO4 ,1,10,n/a ,n/a ,n/a ,n/a ,n/a ,n/a ,n/a ,n/a ,n/a ,n/a ,n/a ,
C2 ,25,C ,SQ2 ,3,2,n/a ,n/a ,n/a ,n/a ,n/a ,n/a ,n/a ,n/a ,n/a ,n/a ,n/a ,
C2 ,25,D ,FR ,5,7,n/a ,n/a ,n/a ,n/a ,n/a ,n/a ,n/a ,n/a ,n/a ,n/a ,n/a ,
C2 ,26,C ,YO4 ,7,2,n/a ,n/a ,n/a ,n/a ,n/a ,n/a ,n/a ,n/a ,n/a ,n/a ,n/a ,
C2 ,26,D ,YO4 ,5,11,n/a ,n/a ,n/a ,n/a ,n/a ,n/a ,n/a ,n/a ,n/a ,n/a ,n/a ,
C2 ,27,C ,LV1 ,4,4,n/a ,n/a ,n/a ,n/a ,n/a ,n/a ,n/a ,n/a ,n/a ,n/a ,n/a ,
C2 ,27,D ,DPR ,3,9,n/a ,n/a ,n/a ,n/a ,n/a ,n/a ,n/a ,n/a ,n/a ,n/a ,n/a ,
C2 ,28,C ,YO11 ,2,11,X ,,,,,,,,,,,no plant 
C2 ,28,D ,LVTR1 ,5,2,X ,,,,,,,,,,,no plant 
C2 ,29,C ,CP3 ,3,8,n/a ,n/a ,n/a ,n/a ,n/a ,n/a ,n/a ,n/a ,n/a ,n/a ,n/a ,
C2 ,29,D ,SC ,7,11,n/a ,n/a ,n/a ,n/a ,n/a ,n/a ,n/a ,n/a ,n/a ,n/a ,n/a ,
C2 ,30,C ,YO4 ,4,8,X ,,,,,,,,,,,no plant 
C2 ,30,D ,IH ,2,7,n/a ,n/a ,n/a ,n/a ,n/a ,n/a ,n/a ,n/a ,n/a ,n/a ,n/a ,
C2 ,31,C ,SQ3 ,2,6,n/a ,n/a ,n/a ,n/a ,n/a ,n/a ,n/a ,n/a ,n/a ,n/a ,n/a ,
C2 ,31,D ,YO4 ,3,2,X,,,,,- ,,,,,,no plant 
C2 ,32,C ,LV3 ,6,2,n/a ,n/a ,n/a ,n/a ,n/a ,n/a ,n/a ,n/a ,n/a ,n/a ,n/a ,
C2 ,32,D ,WL2 ,6,5,X,,,,,D ,,,,,,no plant 
C2 ,33,C ,CP2 ,7,11,X ,,,,,,,,,,,no plant
C2 ,33,D ,IH ,6,4,n/a ,n/a ,n/a ,n/a ,n/a ,n/a ,n/a ,n/a ,n/a ,n/a ,n/a ,
C2 ,34,C ,SC ,1,5,n/a ,n/a ,n/a ,n/a ,n/a ,n/a ,n/a ,n/a ,n/a ,n/a ,n/a ,
C2 ,34,D ,BH ,1,13,n/a ,n/a ,n/a ,n/a ,n/a ,n/a ,n/a ,n/a ,n/a ,n/a ,n/a ,
C2 ,35,C ,LVTR1 ,2,7,X,,,,,,,,,,,no plant 
C2 ,35,D ,LV1 ,5,8,n/a ,n/a ,n/a ,n/a ,n/a ,n/a ,n/a ,n/a ,n/a ,n/a ,n/a ,
C2 ,36,C ,SQ1 ,6,6,n/a ,n/a ,n/a ,n/a ,n/a ,n/a ,n/a ,n/a ,n/a ,n/a ,n/a ,
C2 ,36,D ,CP2 ,2,8,X ,,,,,,,,,,,no plant
C2 ,37,C ,YO8 ,5,10,n/a ,n/a ,n/a ,n/a ,n/a ,n/a ,n/a ,n/a ,n/a ,n/a ,n/a ,no plant 
C2 ,37,D ,CP3 ,7,7,X ,,,,,,,,,,,no plant 
C2 ,38,C ,YO7 ,5,12,X ,,,,,,,,,,,no plant 
C2 ,38,D ,WL2 ,2,5,X ,,,,,,,,,,,no plant 
C2 ,39,C ,YO8 ,3,1,n/a ,n/a ,n/a ,n/a ,n/a ,n/a ,n/a ,n/a ,n/a ,n/a ,n/a ,
C2 ,39,D ,YO8 ,4,7,n/a ,n/a ,n/a ,n/a ,n/a ,n/a ,n/a ,n/a ,n/a ,n/a ,n/a ,
C2 ,40,C ,DPR ,7,1,n/a ,n/a ,n/a ,n/a ,n/a ,n/a ,n/a ,n/a ,n/a ,n/a ,n/a ,
C2 ,40,D ,WR ,3,11,n/a ,n/a ,n/a ,n/a ,n/a ,n/a ,n/a ,n/a ,n/a ,n/a ,n/a ,
C2 ,41,C ,TM2 ,4,2,n/a ,n/a ,n/a ,n/a ,n/a ,n/a ,n/a ,n/a ,n/a ,n/a ,n/a ,
C2 ,41,D ,SQ3 ,3,13,X ,,,,,D ,,,,,,no plant 
C2 ,42,C ,CP3 ,6,2,n/a ,n/a ,n/a ,n/a ,n/a ,n/a ,n/a ,n/a ,n/a ,n/a ,n/a ,
C2 ,42,D ,YO11 ,7,5,n/a ,n/a ,n/a ,n/a ,n/a ,n/a ,n/a ,n/a ,n/a ,n/a ,n/a ,
C2 ,43,C ,SQ1 ,3,6,X ,,,,,,,,,,,no plant 
C2 ,43,D ,CP2 ,4,9,n/a ,n/a ,n/a ,n/a ,n/a ,n/a ,n/a ,n/a ,n/a ,n/a ,n/a ,
C2 ,44,C ,SQ1 ,4,11,n/a ,n/a ,n/a ,n/a ,n/a ,n/a ,n/a ,n/a ,n/a ,n/a ,n/a ,
C2 ,44,D ,WL2 ,7,9,n/a ,n/a ,n/a ,n/a ,n/a ,n/a ,n/a ,n/a ,n/a ,n/a ,n/a ,
E1 ,1,A ,LV1 ,5,12,n/a ,n/a ,n/a ,n/a ,n/a ,n/a ,n/a ,n/a ,n/a ,n/a ,n/a ,
E1 ,1,B ,DPR ,5,8,n/a ,n/a ,n/a ,n/a ,n/a ,n/a ,n/a ,n/a ,n/a ,n/a ,n/a ,
E1 ,2,A ,SQ1 ,5,3,n/a ,n/a ,n/a ,n/a ,n/a ,n/a ,n/a ,n/a ,n/a ,n/a ,n/a ,
E1 ,2,B ,WV ,5,1,n/a ,n/a ,n/a ,n/a ,n/a ,n/a ,n/a ,n/a ,n/a ,n/a ,n/a ,
E1 ,3,A ,CC ,6,8,n/a ,n/a ,n/a ,n/a ,n/a ,n/a ,n/a ,n/a ,n/a ,n/a ,n/a ,
E1 ,3,B ,WL2 ,5,13,n/a ,n/a ,n/a ,n/a ,n/a ,n/a ,n/a ,n/a ,n/a ,n/a ,n/a ,
E1 ,4,A ,CP2 ,2,13,n/a ,n/a ,n/a ,n/a ,n/a ,n/a ,n/a ,n/a ,n/a ,n/a ,n/a ,
E1 ,4,B ,IH ,2,12,n/a ,n/a ,n/a ,n/a ,n/a ,n/a ,n/a ,n/a ,n/a ,n/a ,n/a ,
E1 ,5,A ,SC ,1,11,n/a ,n/a ,n/a ,n/a ,n/a ,n/a ,n/a ,n/a ,n/a ,n/a ,n/a ,
E1 ,5,B ,WV ,3,9,n/a ,n/a ,n/a ,n/a ,n/a ,n/a ,n/a ,n/a ,n/a ,n/a ,n/a ,
E1 ,6,A ,IH ,6,9,n/a ,n/a ,n/a ,n/a ,n/a ,n/a ,n/a ,n/a ,n/a ,n/a ,n/a ,
E1 ,6,B ,DPR ,3,13,V ,18.69,28.8,4,Y ,W ,8.6,n/a ,n/a ,n/a ,0,
E1 ,7,A ,YO4 ,4,12,X ,,,,,,,,,,,no plant 
E1 ,7,B ,WR ,2,11,X ,,,,,D ,,,,,,no plant 
E1 ,8,A ,YO4 ,3,6,V ,n/a ,17.5,5,Y ,W ,4.2,n/a ,n/a ,n/a ,0,
E1 ,8,B ,SC ,3,5,n/a ,n/a ,n/a ,n/a ,n/a ,n/a ,n/a ,n/a ,n/a ,n/a ,n/a ,
E1 ,9,A ,WV ,7,7,n/a ,n/a ,n/a ,n/a ,n/a ,n/a ,n/a ,n/a ,n/a ,n/a ,n/a ,
E1 ,9,B ,WL2 ,6,9,n/a ,n/a ,n/a ,n/a ,n/a ,n/a ,n/a ,n/a ,n/a ,n/a ,n/a ,
E1 ,10,A ,LVTR1 ,2,11,X ,,,,,,,,,,,
E1 ,10,B ,YO4 ,6,3,n/a ,n/a ,n/a ,n/a ,n/a ,n/a ,n/a ,n/a ,n/a ,n/a ,n/a ,
E1 ,11,A ,WL2 ,7,13,n/a ,n/a ,n/a ,n/a ,n/a ,n/a ,n/a ,n/a ,n/a ,n/a ,n/a ,
E1 ,11,B ,YO8 ,1,13,n/a ,n/a ,n/a ,n/a ,n/a ,n/a ,n/a ,n/a ,n/a ,n/a ,n/a ,
E1 ,12,A ,FR ,1,4,n/a ,n/a ,n/a ,n/a ,n/a ,n/a ,n/a ,n/a ,n/a ,n/a ,n/a ,
E1 ,12,B ,FR ,4,5,n/a ,n/a ,n/a ,n/a ,n/a ,n/a ,n/a ,n/a ,n/a ,n/a ,n/a ,
E1 ,13,A ,LV1 ,7,4,n/a ,n/a ,n/a ,n/a ,n/a ,n/a ,n/a ,n/a ,n/a ,n/a ,n/a ,
E1 ,13,B ,SQ1 ,2,1,n/a ,n/a ,n/a ,n/a ,n/a ,n/a ,n/a ,n/a ,n/a ,n/a ,n/a ,
E1 ,14,A ,SQ3 ,4,6,n/a ,n/a ,n/a ,n/a ,n/a ,n/a ,n/a ,n/a ,n/a ,n/a ,n/a ,
E1 ,14,B ,WV ,1,2,n/a ,n/a ,n/a ,n/a ,n/a ,n/a ,n/a ,n/a ,n/a ,n/a ,n/a ,
E1 ,15,A ,YO8 ,3,7,n/a ,n/a ,n/a ,n/a ,n/a ,n/a ,n/a ,n/a ,n/a ,n/a ,n/a ,
E1 ,15,B ,DPR ,7,6,n/a ,n/a ,n/a ,n/a ,n/a ,n/a ,n/a ,n/a ,n/a ,n/a ,n/a ,
E1 ,16,A ,SQ1 ,3,10,n/a ,n/a ,n/a ,n/a ,n/a ,n/a ,n/a ,n/a ,n/a ,n/a ,n/a ,
E1 ,16,B ,YO7 ,7,7,X ,,,,,,,,,,,no plant 
E1 ,17,A ,CP2 ,6,9,X ,,,,,,,,,,,no plant 
E1 ,17,B ,LVTR1 ,5,6,X ,,,,,,,,,,,no plant 
E1 ,18,A ,YO8 ,6,1,X ,,,,,,,,,,,no plant 
E1 ,18,B ,IH ,5,3,n/a ,n/a ,n/a ,n/a ,n/a ,n/a ,n/a ,n/a ,n/a ,n/a ,n/a ,
E1 ,19,A ,SQ3 ,2,10,n/a ,n/a ,n/a ,n/a ,n/a ,n/a ,n/a ,n/a ,n/a ,n/a ,n/a ,
E1 ,19,B ,LV1 ,2,1,n/a ,n/a ,n/a ,n/a ,n/a ,n/a ,n/a ,n/a ,n/a ,n/a ,n/a ,
E1 ,20,A ,YO11 ,1,10,n/a ,n/a ,n/a ,n/a ,n/a ,n/a ,n/a ,n/a ,n/a ,n/a ,n/a ,
E1 ,20,B ,LVTR1 ,4,3,n/a ,n/a ,n/a ,n/a ,n/a ,n/a ,n/a ,n/a ,n/a ,n/a ,n/a ,
E1 ,21,A ,LV1 ,4,9,n/a ,n/a ,n/a ,n/a ,n/a ,n/a ,n/a ,n/a ,n/a ,n/a ,n/a ,
E1 ,21,B ,WV ,6,4,n/a ,n/a ,n/a ,n/a ,n/a ,n/a ,n/a ,n/a ,n/a ,n/a ,n/a ,
E1 ,22,A ,DPR ,2,9,n/a ,n/a ,n/a ,n/a ,n/a ,n/a ,n/a ,n/a ,n/a ,n/a ,n/a ,
E1 ,22,B ,CP3 ,7,11,n/a ,n/a ,n/a ,n/a ,n/a ,n/a ,n/a ,n/a ,n/a ,n/a ,n/a ,
E2 ,23,A ,WV ,3,11,n/a ,n/a ,n/a ,n/a ,n/a ,n/a ,n/a ,n/a ,n/a ,n/a ,n/a ,
E2 ,23,B ,YO8 ,6,4,n/a ,n/a ,n/a ,n/a ,n/a ,n/a ,n/a ,n/a ,n/a ,n/a ,n/a ,
E2 ,24,A ,LV3 ,3,5,n/a ,n/a ,n/a ,n/a ,n/a ,n/a ,n/a ,n/a ,n/a ,n/a ,n/a ,
E2 ,24,B ,SQ3 ,1,9,X ,,,,,D ,,,,,,no plant 
E2 ,25,A ,YO7 ,4,13,n/a ,n/a ,n/a ,n/a ,n/a ,n/a ,n/a ,n/a ,n/a ,n/a ,n/a ,
E2 ,25,B ,LVTR1 ,7,8,n/a ,n/a ,n/a ,n/a ,n/a ,n/a ,n/a ,n/a ,n/a ,n/a ,n/a ,
E2 ,26,A ,LV1 ,6,1,n/a ,n/a ,n/a ,n/a ,n/a ,n/a ,n/a ,n/a ,n/a ,n/a ,n/a ,
E2 ,26,B ,IH ,3,2,n/a ,n/a ,n/a ,n/a ,n/a ,n/a ,n/a ,n/a ,n/a ,n/a ,n/a ,
E2 ,27,A ,YO11 ,3,5,X ,,,,,,,,,,,no plant 
E2 ,27,B ,IH ,6,11,n/a ,n/a ,n/a ,n/a ,n/a ,n/a ,n/a ,n/a ,n/a ,n/a ,n/a ,
E2 ,28,A ,LVTR1 ,2,13,n/a ,n/a ,n/a ,n/a ,n/a ,n/a ,n/a ,n/a ,n/a ,n/a ,n/a ,
E2 ,28,B ,YO4 ,3,8,n/a ,n/a ,n/a ,n/a ,n/a ,n/a ,n/a ,n/a ,n/a ,n/a ,n/a ,
E2 ,29,A ,SQ2 ,2,5,n/a ,n/a ,n/a ,n/a ,n/a ,n/a ,n/a ,n/a ,n/a ,n/a ,n/a ,
E2 ,29,B ,CP3 ,5,4,n/a ,n/a ,n/a ,n/a ,n/a ,n/a ,n/a ,n/a ,n/a ,n/a ,n/a ,
E2 ,30,A ,LV1 ,4,11,X ,,,,,,,,,,,no plant 
E2 ,30,B ,CP2 ,5,4,n/a ,n/a ,n/a ,n/a ,n/a ,n/a ,n/a ,n/a ,n/a ,n/a ,n/a ,
E2 ,31,A ,IH ,5,5,n/a ,n/a ,n/a ,n/a ,n/a ,n/a ,n/a ,n/a ,n/a ,n/a ,n/a ,
E2 ,31,B ,SC ,1,13,n/a ,n/a ,n/a ,n/a ,n/a ,n/a ,n/a ,n/a ,n/a ,n/a ,n/a ,
E2 ,32,A ,YO8 ,3,9,n/a ,n/a ,n/a ,n/a ,n/a ,n/a ,n/a ,n/a ,n/a ,n/a ,n/a ,
E2 ,32,B ,SQ3 ,5,13,n/a ,n/a ,n/a ,n/a ,n/a ,n/a ,n/a ,n/a ,n/a ,n/a ,n/a ,
E2 ,33,A ,LVTR1 ,5,8,X ,,,,,,,,,,,no plant
E2 ,33,B ,WR ,2,13,V ,6.8,6.3,1,Y ,W ,4.4,n/a ,n/a ,n/a ,n/a ,
E2 ,34,A ,YO7 ,7,9,V ,n/a ,16.1,6,Y ,SW ,2.5,n/a ,n/a ,n/a ,n/a ,
E2 ,34,B ,LV1 ,2,3,n/a ,n/a ,n/a ,n/a ,n/a ,n/a ,n/a ,n/a ,n/a ,n/a ,n/a ,
E2 ,35,A ,SQ3 ,7,5,X ,,,,,,,,,,,no plant 
E2 ,35,B ,YO11 ,7,11,X ,,,,,D ,,,,,,no plant 
E2 ,36,A ,CP3 ,2,11,n/a ,n/a ,n/a ,n/a ,n/a ,n/a ,n/a ,n/a ,n/a ,n/a ,n/a ,
E2 ,36,B ,FR ,1,3,n/a ,n/a ,n/a ,n/a ,n/a ,n/a ,n/a ,n/a ,n/a ,n/a ,n/a ,
E2 ,37,A ,CC ,1,7,n/a ,n/a ,n/a ,n/a ,n/a ,n/a ,n/a ,n/a ,n/a ,n/a ,n/a ,
E2 ,37,B ,WV ,2,7,n/a ,n/a ,n/a ,n/a ,n/a ,n/a ,n/a ,n/a ,n/a ,n/a ,n/a ,
E2 ,38,A ,WV ,5,3,n/a ,n/a ,n/a ,n/a ,n/a ,n/a ,n/a ,n/a ,n/a ,n/a ,n/a ,
E2 ,38,B ,SQ3 ,2,12,n/a ,n/a ,n/a ,n/a ,n/a ,n/a ,n/a ,n/a ,n/a ,n/a ,n/a ,
E2 ,39,A ,FR ,2,5,n/a ,n/a ,n/a ,n/a ,n/a ,n/a ,n/a ,n/a ,n/a ,n/a ,n/a ,
E2 ,39,B ,CP3 ,4,1,n/a ,n/a ,n/a ,n/a ,n/a ,n/a ,n/a ,n/a ,n/a ,n/a ,n/a ,
E2 ,40,A ,WV ,6,6,n/a ,n/a ,n/a ,n/a ,n/a ,n/a ,n/a ,n/a ,n/a ,n/a ,n/a ,
E2 ,40,B ,DPR ,5,10,n/a ,n/a ,n/a ,n/a ,n/a ,n/a ,n/a ,n/a ,n/a ,n/a ,n/a ,
E2 ,41,A ,SC ,3,7,n/a ,n/a ,n/a ,n/a ,n/a ,n/a ,n/a ,n/a ,n/a ,n/a ,n/a ,
E2 ,41,B ,LV1 ,3,6,n/a ,n/a ,n/a ,n/a ,n/a ,n/a ,n/a ,n/a ,n/a ,n/a ,n/a ,
E2 ,42,A ,DPR ,4,2,n/a ,n/a ,n/a ,n/a ,n/a ,n/a ,n/a ,n/a ,n/a ,n/a ,n/a ,
E2 ,42,B ,FR ,4,8,n/a ,n/a ,n/a ,n/a ,n/a ,n/a ,n/a ,n/a ,n/a ,n/a ,n/a ,
E2 ,43,A ,YO11 ,6,2,X ,,,,,,,,,,,no plant 
E2 ,43,B ,IH ,1,5,n/a ,n/a ,n/a ,n/a ,n/a ,n/a ,n/a ,n/a ,n/a ,n/a ,n/a ,
E2 ,44,A ,TM2 ,3,6,n/a ,n/a ,n/a ,n/a ,n/a ,n/a ,n/a ,n/a ,n/a ,n/a ,n/a ,
E2 ,44,B ,WL2 ,5,5,X ,,,,,D ,,,,,,plant 
E1 ,1,C ,CC ,2,11,n/a ,n/a ,n/a ,n/a ,n/a ,n/a ,n/a ,n/a ,n/a ,n/a ,n/a ,
E1 ,1,D ,YO7 ,3,4,n/a ,n/a ,n/a ,n/a ,n/a ,n/a ,n/a ,n/a ,n/a ,n/a ,n/a ,
E1 ,2,C ,CP3 ,3,12,n/a ,n/a ,n/a ,n/a ,n/a ,n/a ,n/a ,n/a ,n/a ,n/a ,n/a ,
E1 ,2,D ,YO8 ,4,11,n/a ,n/a ,n/a ,n/a ,n/a ,n/a ,n/a ,n/a ,n/a ,n/a ,n/a ,
E1 ,3,C ,CP3 ,6,6,n/a ,n/a ,n/a ,n/a ,n/a ,n/a ,n/a ,n/a ,n/a ,n/a ,n/a ,
E1 ,3,D ,LV1 ,3,4,n/a ,n/a ,n/a ,n/a ,n/a ,n/a ,n/a ,n/a ,n/a ,n/a ,n/a ,
E1 ,4,C ,LVTR1 ,7,5,n/a ,n/a ,n/a ,n/a ,n/a ,n/a ,n/a ,n/a ,n/a ,n/a ,n/a ,
E1 ,4,D ,CP2 ,1,7,n/a ,n/a ,n/a ,n/a ,n/a ,n/a ,n/a ,n/a ,n/a ,n/a ,n/a ,
E1 ,5,C ,YO4 ,2,3,n/a ,n/a ,n/a ,n/a ,n/a ,n/a ,n/a ,n/a ,n/a ,n/a ,n/a ,
E1 ,5,D ,WL2 ,2,9,n/a ,n/a ,n/a ,n/a ,n/a ,n/a ,n/a ,n/a ,n/a ,n/a ,n/a ,
E1 ,6,C ,YO7 ,6,3,n/a ,n/a ,n/a ,n/a ,n/a ,n/a ,n/a ,n/a ,n/a ,n/a ,n/a ,
E1 ,6,D ,SQ3 ,1,7,n/a ,n/a ,n/a ,n/a ,n/a ,n/a ,n/a ,n/a ,n/a ,n/a ,n/a ,
E1 ,7,C ,CC ,1,4,n/a ,n/a ,n/a ,n/a ,n/a ,n/a ,n/a ,n/a ,n/a ,n/a ,n/a ,
E1 ,7,D ,SQ2 ,7,2,X ,,,,,D ,,,,,,no plant 
E1 ,8,C ,IH ,1,1,n/a ,n/a ,n/a ,n/a ,n/a ,n/a ,n/a ,n/a ,n/a ,n/a ,n/a ,
E1 ,8,D ,YO7 ,4,10,n/a ,n/a ,n/a ,n/a ,n/a ,n/a ,n/a ,n/a ,n/a ,n/a ,n/a ,
E1 ,9,C ,SQ3 ,7,3,X ,,,,,,,,,,,already Marked 
E1 ,9,D ,SQ2 ,3,6,X ,,,,,D,,,,,,no plant 
E1 ,10,C ,TM2 ,6,10,n/a ,n/a ,n/a ,n/a ,n/a ,n/a ,n/a ,n/a ,n/a ,n/a ,n/a ,
E1 ,10,D ,YO11 ,7,9,n/a ,n/a ,n/a ,n/a ,n/a ,n/a ,n/a ,n/a ,n/a ,n/a ,n/a ,
E1 ,11,C ,WV ,2,5,n/a ,n/a ,n/a ,n/a ,n/a ,n/a ,n/a ,n/a ,n/a ,n/a ,n/a ,
E1 ,11,D ,YO8 ,7,1,n/a ,n/a ,n/a ,n/a ,n/a ,n/a ,n/a ,n/a ,n/a ,n/a ,n/a ,
E1 ,12,C ,LV3 ,6,12,X ,,,,,,,,,,,no plant
E1 ,12,D ,YO4 ,7,6,n/a ,n/a ,n/a ,n/a ,n/a ,n/a ,n/a ,n/a ,n/a ,n/a ,n/a ,
E1 ,13,C ,LVTR1 ,1,5,X ,,,,,D ,,,,,,no plant
E1 ,13,D ,TM2 ,4,6,P ,2.12,21,1,Y ,W,,0,7,4.9,1,
E1 ,14,C ,SQ2 ,2,3,X ,,,,,D ,,,,,,no Plant 
E1 ,14,D ,LV3 ,3,1,n/a ,n/a ,n/a ,n/a ,n/a ,n/a ,n/a ,n/a ,n/a ,n/a ,n/a ,
E1 ,15,C ,YO11 ,3,2,n/a ,n/a ,n/a ,n/a ,n/a ,n/a ,n/a ,n/a ,n/a ,n/a ,n/a ,
E1 ,15,D ,CP3 ,1,3,n/a ,n/a ,n/a ,n/a ,n/a ,n/a ,n/a ,n/a ,n/a ,n/a ,n/a ,
E1 ,16,C ,CP2 ,4,13,n/a ,n/a ,n/a ,n/a ,n/a ,n/a ,n/a ,n/a ,n/a ,n/a ,n/a ,
E1 ,16,D ,SQ2 ,4,12,n/a ,n/a ,n/a ,n/a ,n/a ,n/a ,n/a ,n/a ,n/a ,n/a ,n/a ,
E1 ,17,C ,SC ,4,12,n/a ,n/a ,n/a ,n/a ,n/a ,n/a ,n/a ,n/a ,n/a ,n/a ,n/a ,
E1 ,17,D ,SQ3 ,5,11,V ,,6.9,8,Y ,N ,3.8,,,,0,
E1 ,18,C ,WL1 ,3,8,n/a ,n/a ,n/a ,n/a ,n/a ,n/a ,n/a ,n/a ,n/a ,n/a ,n/a ,
E1 ,18,D ,CP3 ,2,9,n/a ,n/a ,n/a ,n/a ,n/a ,n/a ,n/a ,n/a ,n/a ,n/a ,n/a ,
E1 ,19,C ,YO7 ,1,9,n/a ,n/a ,n/a ,n/a ,n/a ,n/a ,n/a ,n/a ,n/a ,n/a ,n/a ,
E1 ,19,D ,FR ,6,11,n/a ,n/a ,n/a ,n/a ,n/a ,n/a ,n/a ,n/a ,n/a ,n/a ,n/a ,
E1 ,20,C ,YO11 ,5,12,n/a ,n/a ,n/a ,n/a ,n/a ,n/a ,n/a ,n/a ,n/a ,n/a ,n/a ,
E1 ,20,D ,WL2 ,1,2,V ,n/a ,22.1,5,Y ,N ,3.2,,,,0,
E1 ,21,C ,CP3 ,5,2,V ,1.36,1.8,1,Y ,N ,1.6,,,,0,
E1 ,21,D ,SQ1 ,6,11,n/a ,n/a ,n/a ,n/a ,n/a ,n/a ,n/a ,n/a ,n/a ,n/a ,n/a ,
E1 ,22,C ,YO11 ,4,8,n/a ,n/a ,n/a ,n/a ,n/a ,n/a ,n/a ,n/a ,n/a ,n/a ,n/a ,
E1 ,22,D ,TM2 ,2,9,n/a ,n/a ,n/a ,n/a ,n/a ,n/a ,n/a ,n/a ,n/a ,n/a ,n/a ,
E2 ,23,C ,YO7 ,3,6,n/a ,n/a ,n/a ,n/a ,n/a ,n/a ,n/a ,n/a ,n/a ,n/a ,n/a ,
E2 ,23,D ,CP3 ,7,13,n/a ,n/a ,n/a ,n/a ,n/a ,n/a ,n/a ,n/a ,n/a ,n/a ,n/a ,
E2 ,24,C ,CP2 ,3,1,X ,,,,,D ,,,,,,no plant 
E2 ,24,D ,CP3 ,6,8,n/a ,n/a ,n/a ,n/a ,n/a ,n/a ,n/a ,n/a ,n/a ,n/a ,n/a ,
E2 ,25,C ,WL2 ,2,11,n/a ,n/a ,n/a ,n/a ,n/a ,n/a ,n/a ,n/a ,n/a ,n/a ,n/a ,
E2 ,25,D ,LV3 ,4,8,n/a ,n/a ,n/a ,n/a ,n/a ,n/a ,n/a ,n/a ,n/a ,n/a ,n/a ,
E2 ,26,C ,YO4 ,5,1,X ,,,,,,,,,,,already Marked 
E2 ,26,D ,WL2 ,6,11,n/a ,n/a ,n/a ,n/a ,n/a ,n/a ,n/a ,n/a ,n/a ,n/a ,n/a ,
E2 ,27,C ,SQ2 ,7,4,n/a ,n/a ,n/a ,n/a ,n/a ,n/a ,n/a ,n/a ,n/a ,n/a ,n/a ,
E2 ,27,D ,LVTR1 ,4,5,X ,,,,,,,,,,,no plant 
E2 ,28,C ,TM2 ,4,8,n/a ,n/a ,n/a ,n/a ,n/a ,n/a ,n/a ,n/a ,n/a ,n/a ,n/a ,
E2 ,28,D ,CC ,6,11,n/a ,n/a ,n/a ,n/a ,n/a ,n/a ,n/a ,n/a ,n/a ,n/a ,n/a ,
E2 ,29,C ,WL1 ,3,10,n/a ,n/a ,n/a ,n/a ,n/a ,n/a ,n/a ,n/a ,n/a ,n/a ,n/a ,
E2 ,29,D ,DPR ,7,8,n/a ,n/a ,n/a ,n/a ,n/a ,n/a ,n/a ,n/a ,n/a ,n/a ,n/a ,
E2 ,30,C ,SQ2 ,3,8,n/a ,n/a ,n/a ,n/a ,n/a ,n/a ,n/a ,n/a ,n/a ,n/a ,n/a ,
E2 ,30,D ,YO7 ,6,5,X ,,,,,,,,,,,no plant 
E2 ,31,C ,TM2 ,6,12,X ,,,,,,,,,,,no plant
E2 ,31,D ,YO4 ,7,8,n/a ,n/a ,n/a ,n/a ,n/a ,n/a ,n/a ,n/a ,n/a ,n/a ,n/a ,
E2 ,32,C ,CC ,2,10,n/a ,n/a ,n/a ,n/a ,n/a ,n/a ,n/a ,n/a ,n/a ,n/a ,n/a ,
E2 ,32,D ,DPR ,6,1,n/a ,n/a ,n/a ,n/a ,n/a ,n/a ,n/a ,n/a ,n/a ,n/a ,n/a ,
E2 ,33,C ,SQ1 ,2,6,n/a ,n/a ,n/a ,n/a ,n/a ,n/a ,n/a ,n/a ,n/a ,n/a ,n/a ,
E2 ,33,D ,LV1 ,7,6,X,,,,,,,,,,,no plant 
E2 ,34,C ,SQ3 ,4,8,n/a ,n/a ,n/a ,n/a ,n/a ,n/a ,n/a ,n/a ,n/a ,n/a ,n/a ,
E2 ,34,D ,CP2 ,1,9,n/a ,n/a ,n/a ,n/a ,n/a ,n/a ,n/a ,n/a ,n/a ,n/a ,n/a ,
E2 ,35,C ,YO11 ,4,11,n/a ,n/a ,n/a ,n/a ,n/a ,n/a ,n/a ,n/a ,n/a ,n/a ,n/a ,
E2 ,35,D ,SC ,7,1,n/a ,n/a ,n/a ,n/a ,n/a ,n/a ,n/a ,n/a ,n/a ,n/a ,n/a ,
E2 ,36,C ,YO4 ,6,5,n/a ,n/a ,n/a ,n/a ,n/a ,n/a ,n/a ,n/a ,n/a ,n/a ,n/a ,
E2 ,36,D ,WL2 ,1,4,X,,,,,,,,,,,no plant 
E2 ,37,C ,WR ,1,3,X,,,,,,,,,,,no plant 
E2 ,37,D ,WV ,1,4,n/a ,n/a ,n/a ,n/a ,n/a ,n/a ,n/a ,n/a ,n/a ,n/a ,n/a ,
E2 ,38,C ,YO11 ,1,12,n/a ,n/a ,n/a ,n/a ,n/a ,n/a ,n/a ,n/a ,n/a ,n/a ,n/a ,
E2 ,38,D ,YO4 ,2,5,X ,,,,,,,,,,,no plant
E2 ,39,C ,YO8 ,4,13,n/a ,n/a ,n/a ,n/a ,n/a ,n/a ,n/a ,n/a ,n/a ,n/a ,n/a ,
E2 ,39,D ,CP2 ,6,12,n/a ,n/a ,n/a ,n/a ,n/a ,n/a ,n/a ,n/a ,n/a ,n/a ,n/a ,
E2 ,40,C ,SQ2 ,5,1,n/a ,n/a ,n/a ,n/a ,n/a ,n/a ,n/a ,n/a ,n/a ,n/a ,n/a ,
E2 ,40,D ,SQ1 ,6,13,n/a ,n/a ,n/a ,n/a ,n/a ,n/a ,n/a ,n/a ,n/a ,n/a ,n/a ,
E2 ,41,C ,SQ1 ,5,5,n/a ,n/a ,n/a ,n/a ,n/a ,n/a ,n/a ,n/a ,n/a ,n/a ,n/a ,
E2 ,41,D ,WV ,7,9,n/a ,n/a ,n/a ,n/a ,n/a ,n/a ,n/a ,n/a ,n/a ,n/a ,n/a ,
E2 ,42,C ,SQ1 ,3,12,n/a ,n/a ,n/a ,n/a ,n/a ,n/a ,n/a ,n/a ,n/a ,n/a ,n/a ,
E2 ,42,D ,LVTR1 ,1,7,X,,,,,D ,,,,,,no plant 
E2 ,43,C ,YO7 ,1,11,n/a ,n/a ,n/a ,n/a ,n/a ,n/a ,n/a ,n/a ,n/a ,n/a ,n/a ,
E2 ,43,D ,YO8 ,2,3,n/a ,n/a ,n/a ,n/a ,n/a ,n/a ,n/a ,n/a ,n/a ,n/a ,n/a ,
E2 ,44,C ,YO8 ,7,13,n/a ,n/a ,n/a ,n/a ,n/a ,n/a ,n/a ,n/a ,n/a ,n/a ,n/a ,
E2 ,44,D ,CP3 ,1,5,n/a ,n/a ,n/a ,n/a ,n/a ,n/a ,n/a ,n/a ,n/a ,n/a ,n/a ,
G1 ,1,A ,YO7 ,1,6,V ,2.85,5.2,3,Y ,N ,1.6,,,,0,
G1 ,1,B ,SQ1 ,3,7,n/a ,n/a ,n/a ,n/a ,n/a ,n/a ,n/a ,n/a ,n/a ,n/a ,n/a ,
G1 ,2,A ,WV ,4,11,n/a ,n/a ,n/a ,n/a ,n/a ,n/a ,n/a ,n/a ,n/a ,n/a ,n/a ,
G1 ,2,B ,IH ,6,5,n/a ,n/a ,n/a ,n/a ,n/a ,n/a ,n/a ,n/a ,n/a ,n/a ,n/a ,
G1 ,3,A ,CP3 ,4,12,n/a ,n/a ,n/a ,n/a ,n/a ,n/a ,n/a ,n/a ,n/a ,n/a ,n/a ,
G1 ,3,B ,CC ,4,1,n/a ,n/a ,n/a ,n/a ,n/a ,n/a ,n/a ,n/a ,n/a ,n/a ,n/a ,
G1 ,4,A ,FR ,5,8,n/a ,n/a ,n/a ,n/a ,n/a ,n/a ,n/a ,n/a ,n/a ,n/a ,n/a ,
G1 ,4,B ,YO8 ,4,8,n/a ,n/a ,n/a ,n/a ,n/a ,n/a ,n/a ,n/a ,n/a ,n/a ,n/a ,
G1 ,5,A ,CP2 ,4,10,V ,3.1,5.3,1,Y ,W ,2.4,,,,0,
G1 ,5,B ,DPR ,1,11,V ,1.75,3.9,1,N ,N ,1.8,,,,0,
G1 ,6,A ,IH ,3,13,n/a ,n/a ,n/a ,n/a ,n/a ,n/a ,n/a ,n/a ,n/a ,n/a ,n/a ,
G1 ,6,B ,DPR ,3,10,n/a ,n/a ,n/a ,n/a ,n/a ,n/a ,n/a ,n/a ,n/a ,n/a ,n/a ,
G1 ,7,A ,SQ3 ,4,1,n/a ,n/a ,n/a ,n/a ,n/a ,n/a ,n/a ,n/a ,n/a ,n/a ,n/a ,
G1 ,7,B ,CP3 ,3,9,n/a ,n/a ,n/a ,n/a ,n/a ,n/a ,n/a ,n/a ,n/a ,n/a ,n/a ,
G1 ,8,A ,LV1 ,4,6,n/a ,n/a ,n/a ,n/a ,n/a ,n/a ,n/a ,n/a ,n/a ,n/a ,n/a ,
G1 ,8,B ,LV3 ,6,10,X ,,,,,,,,,,,no plant 
G1 ,9,A ,YO4 ,7,3,X ,,,,,D ,,,,,,no plant 
G1 ,9,B ,TM2 ,4,3,X ,,,,,D ,,,,,,
G1 ,10,A ,YO8 ,5,11,n/a ,n/a ,n/a ,n/a ,n/a ,n/a ,n/a ,n/a ,n/a ,n/a ,n/a ,
G1 ,10,B ,SQ3 ,6,13,n/a ,n/a ,n/a ,n/a ,n/a ,n/a ,n/a ,n/a ,n/a ,n/a ,n/a ,
G1 ,11,A ,YO7 ,2,13,n/a ,n/a ,n/a ,n/a ,n/a ,n/a ,n/a ,n/a ,n/a ,n/a ,n/a ,
G1 ,11,B ,SQ1 ,6,8,n/a ,n/a ,n/a ,n/a ,n/a ,n/a ,n/a ,n/a ,n/a ,n/a ,n/a ,
G1 ,12,A ,CP2 ,7,13,n/a ,n/a ,n/a ,n/a ,n/a ,n/a ,n/a ,n/a ,n/a ,n/a ,n/a ,
G1 ,12,B ,WL2 ,3,12,V ,4.93,4.2,5,Y ,W ,2.3,,,,0,
G1 ,13,A ,WL2 ,7,10,X ,,,,,D ,,,,,,no plant 
G1 ,13,B ,CP3 ,6,3,n/a ,n/a ,n/a ,n/a ,n/a ,n/a ,n/a ,n/a ,n/a ,n/a ,n/a ,
G1 ,14,A ,IH ,2,8,n/a ,n/a ,n/a ,n/a ,n/a ,n/a ,n/a ,n/a ,n/a ,n/a ,n/a ,
G1 ,14,B ,SQ3 ,2,7,V ,2.41,3.7,4,Y,SW ,2.6,,,,0,
G1 ,15,A ,SQ2 ,6,5,n/a ,n/a ,n/a ,n/a ,n/a ,n/a ,n/a ,n/a ,n/a ,n/a ,n/a ,
G1 ,15,B ,WV ,6,1,n/a ,n/a ,n/a ,n/a ,n/a ,n/a ,n/a ,n/a ,n/a ,n/a ,n/a ,
G1 ,16,A ,SQ2 ,1,12,n/a ,n/a ,n/a ,n/a ,n/a ,n/a ,n/a ,n/a ,n/a ,n/a ,n/a ,
G1 ,16,B ,SC ,5,12,n/a ,n/a ,n/a ,n/a ,n/a ,n/a ,n/a ,n/a ,n/a ,n/a ,n/a ,
G1 ,17,A ,YO8 ,3,2,X ,,,,,D ,,,,,,no plant 
G1 ,17,B ,SC ,1,6,n/a ,n/a ,n/a ,n/a ,n/a ,n/a ,n/a ,n/a ,n/a ,n/a ,n/a ,
G1 ,18,A ,LVTR1 ,3,13,V ,2,5.1,1,Y ,SW ,1.8,,,,0,
G1 ,18,B ,SQ1 ,4,12,n/a ,n/a ,n/a ,n/a ,n/a ,n/a ,n/a ,n/a ,n/a ,n/a ,n/a ,
G1 ,19,A ,YO7 ,5,13,n/a ,n/a ,n/a ,n/a ,n/a ,n/a ,n/a ,n/a ,n/a ,n/a ,n/a ,
G1 ,19,B ,FR ,6,1,n/a ,n/a ,n/a ,n/a ,n/a ,n/a ,n/a ,n/a ,n/a ,n/a ,n/a ,
G1 ,20,A ,SQ2 ,4,9,n/a ,n/a ,n/a ,n/a ,n/a ,n/a ,n/a ,n/a ,n/a ,n/a ,n/a ,
G1 ,20,B ,SC ,7,12,n/a ,n/a ,n/a ,n/a ,n/a ,n/a ,n/a ,n/a ,n/a ,n/a ,n/a ,
G1 ,21,A ,WR ,2,6,n/a ,n/a ,n/a ,n/a ,n/a ,n/a ,n/a ,n/a ,n/a ,n/a ,n/a ,
G1 ,21,B ,WL2 ,2,6,n/a ,n/a ,n/a ,n/a ,n/a ,n/a ,n/a ,n/a ,n/a ,n/a ,n/a ,
G1 ,22,A ,CP2 ,1,2,n/a ,n/a ,n/a ,n/a ,n/a ,n/a ,n/a ,n/a ,n/a ,n/a ,n/a ,
G1 ,22,B ,WV ,2,2,n/a ,n/a ,n/a ,n/a ,n/a ,n/a ,n/a ,n/a ,n/a ,n/a ,n/a ,
G2 ,23,A ,FR ,3,1,n/a ,n/a ,n/a ,n/a ,n/a ,n/a ,n/a ,n/a ,n/a ,n/a ,n/a ,
G2 ,23,B ,WL1 ,3,4,X ,,,,,D ,,,,,,no plant 
G2 ,24,A ,SQ3 ,7,6,n/a ,n/a ,n/a ,n/a ,n/a ,n/a ,n/a ,n/a ,n/a ,n/a ,n/a ,
G2 ,24,B ,CP3 ,5,5,n/a ,n/a ,n/a ,n/a ,n/a ,n/a ,n/a ,n/a ,n/a ,n/a ,n/a ,
G2 ,25,A ,YO7 ,7,10,n/a ,n/a ,n/a ,n/a ,n/a ,n/a ,n/a ,n/a ,n/a ,n/a ,n/a ,
G2 ,25,B ,YO4 ,2,6,X ,,,,,,,,,,,no plant 
G2 ,26,A ,CP3 ,2,12,n/a ,n/a ,n/a ,n/a ,n/a ,n/a ,n/a ,n/a ,n/a ,n/a ,n/a ,
G2 ,26,B ,YO7 ,3,7,n/a ,n/a ,n/a ,n/a ,n/a ,n/a ,n/a ,n/a ,n/a ,n/a ,n/a ,
G2 ,27,A ,CP3 ,1,6,n/a ,n/a ,n/a ,n/a ,n/a ,n/a ,n/a ,n/a ,n/a ,n/a ,n/a ,
G2 ,27,B ,LV1 ,7,7,X ,,,,,,,,,,,no plant 
G2 ,28,A ,WR ,3,1,n/a ,n/a ,n/a ,n/a ,n/a ,n/a ,n/a ,n/a ,n/a ,n/a ,n/a ,
G2 ,28,B ,SQ2 ,1,1,n/a ,n/a ,n/a ,n/a ,n/a ,n/a ,n/a ,n/a ,n/a ,n/a ,n/a ,
G2 ,29,A ,LV3 ,3,6,n/a ,n/a ,n/a ,n/a ,n/a ,n/a ,n/a ,n/a ,n/a ,n/a ,n/a ,
G2 ,29,B ,SC ,7,2,n/a ,n/a ,n/a ,n/a ,n/a ,n/a ,n/a ,n/a ,n/a ,n/a ,n/a ,
G2 ,30,A ,YO4 ,3,9,n/a ,n/a ,n/a ,n/a ,n/a ,n/a ,n/a ,n/a ,n/a ,n/a ,n/a ,
G2 ,30,B ,CC ,5,8,n/a ,n/a ,n/a ,n/a ,n/a ,n/a ,n/a ,n/a ,n/a ,n/a ,n/a ,
G2 ,31,A ,YO11 ,4,12,X ,,,,,D ,,,,,,no plant 
G2 ,31,B ,IH ,1,13,n/a ,n/a ,n/a ,n/a ,n/a ,n/a ,n/a ,n/a ,n/a ,n/a ,n/a ,
G2 ,32,A ,IH ,5,6,n/a ,n/a ,n/a ,n/a ,n/a ,n/a ,n/a ,n/a ,n/a ,n/a ,n/a ,
G2 ,32,B ,LV3 ,5,4,n/a ,n/a ,n/a ,n/a ,n/a ,n/a ,n/a ,n/a ,n/a ,n/a ,n/a ,
G2 ,33,A ,WV ,1,5,n/a ,n/a ,n/a ,n/a ,n/a ,n/a ,n/a ,n/a ,n/a ,n/a ,n/a ,
G2 ,33,B ,LV1 ,4,12,n/a ,n/a ,n/a ,n/a ,n/a ,n/a ,n/a ,n/a ,n/a ,n/a ,n/a ,
G2 ,34,A ,DPR ,7,9,n/a ,n/a ,n/a ,n/a ,n/a ,n/a ,n/a ,n/a ,n/a ,n/a ,n/a ,
G2 ,34,B ,SQ3 ,4,9,X ,,,,,D ,,,,,,no plant 
G2 ,35,A ,FR ,4,9,n/a ,n/a ,n/a ,n/a ,n/a ,n/a ,n/a ,n/a ,n/a ,n/a ,n/a ,
G2 ,35,B ,LV1 ,3,7,X ,,,,,,,,,,,no plant 
G2 ,36,A ,WL2 ,2,12,n/a ,n/a ,n/a ,n/a ,n/a ,n/a ,n/a ,n/a ,n/a ,n/a ,n/a ,
G2 ,36,B ,CP2 ,3,13,n/a ,n/a ,n/a ,n/a ,n/a ,n/a ,n/a ,n/a ,n/a ,n/a ,n/a ,
G2 ,37,A ,YO4 ,6,6,n/a ,n/a ,n/a ,n/a ,n/a ,n/a ,n/a ,n/a ,n/a ,n/a ,n/a ,
G2 ,37,B ,YO8 ,2,4,X ,,,,,D ,,,,,,no Plant 
G2 ,38,A ,TM2 ,1,8,n/a ,n/a ,n/a ,n/a ,n/a ,n/a ,n/a ,n/a ,n/a ,n/a ,n/a ,
G2 ,38,B ,WL2 ,5,9,X ,,,,,D,,,,,,no plant 
G2 ,39,A ,SQ1 ,3,13,n/a ,n/a ,n/a ,n/a ,n/a ,n/a ,n/a ,n/a ,n/a ,n/a ,n/a ,
G2 ,39,B ,IH ,3,3,n/a ,n/a ,n/a ,n/a ,n/a ,n/a ,n/a ,n/a ,n/a ,n/a ,n/a ,
G2 ,40,A ,SQ1 ,2,7,n/a ,n/a ,n/a ,n/a ,n/a ,n/a ,n/a ,n/a ,n/a ,n/a ,n/a ,
G2 ,40,B ,YO7 ,6,6,X ,,,,,,,,,,,no plant 
G2 ,41,A ,LV1 ,2,4,n/a ,n/a ,n/a ,n/a ,n/a ,n/a ,n/a ,n/a ,n/a ,n/a ,n/a ,
G2 ,41,B ,WV ,2,8,n/a ,n/a ,n/a ,n/a ,n/a ,n/a ,n/a ,n/a ,n/a ,n/a ,n/a ,
G2 ,42,A ,CP3 ,6,9,n/a ,n/a ,n/a ,n/a ,n/a ,n/a ,n/a ,n/a ,n/a ,n/a ,n/a ,
G2 ,42,B ,LVTR1 ,1,8,n/a ,n/a ,n/a ,n/a ,n/a ,n/a ,n/a ,n/a ,n/a ,n/a ,n/a ,
G2 ,43,A ,SQ2 ,2,6,n/a ,n/a ,n/a ,n/a ,n/a ,n/a ,n/a ,n/a ,n/a ,n/a ,n/a ,
G2 ,43,B ,LVTR1 ,5,9,X ,,,,,,,,,,,no plant 
G2 ,44,A ,DPR ,5,11,n/a ,n/a ,n/a ,n/a ,n/a ,n/a ,n/a ,n/a ,n/a ,n/a ,n/a ,
G2 ,44,B ,LV1 ,1,1,n/a ,n/a ,n/a ,n/a ,n/a ,n/a ,n/a ,n/a ,n/a ,n/a ,n/a ,
G1 ,1,C ,YO11 ,2,12,n/a ,n/a ,n/a ,n/a ,n/a ,n/a ,n/a ,n/a ,n/a ,n/a ,n/a ,
G1 ,1,D ,SC ,3,2,n/a ,n/a ,n/a ,n/a ,n/a ,n/a ,n/a ,n/a ,n/a ,n/a ,n/a ,
G1 ,2,C ,YO11 ,1,7,n/a ,n/a ,n/a ,n/a ,n/a ,n/a ,n/a ,n/a ,n/a ,n/a ,n/a ,
G1 ,2,D ,LVTR1 ,2,8,n/a ,n/a ,n/a ,n/a ,n/a ,n/a ,n/a ,n/a ,n/a ,n/a ,n/a ,
G1 ,3,C ,YO4 ,4,9,X ,,,,,,,,,,,already marked 
G1 ,3,D ,WL2 ,6,6,n/a ,n/a ,n/a ,n/a ,n/a ,n/a ,n/a ,n/a ,n/a ,n/a ,n/a ,
G1 ,4,C ,LV1 ,1,11,V ,5.35,4.7,4,Y ,N ,1.4,,,,0,
G1 ,4,D ,YO8 ,1,9,X ,,,,,D ,,,,,,no plant 
G1 ,5,C ,SQ2 ,3,3,n/a ,n/a ,n/a ,n/a ,n/a ,n/a ,n/a ,n/a ,n/a ,n/a ,n/a ,
G1 ,5,D ,SQ3 ,1,4,X,,,,,,,,,,,no plant 
G1 ,6,C ,LVTR1 ,6,10,V ,4.37,6.6,1,Y ,W ,1.6,,,,0,
G1 ,6,D ,DPR ,5,5,n/a ,n/a ,n/a ,n/a ,n/a ,n/a ,n/a ,n/a ,n/a ,n/a ,n/a ,
G1 ,7,C ,YO7 ,4,6,V ,5.92,7.6,1,Y ,SW ,2.9,,,,0,
G1 ,7,D ,LVTR1 ,1,2,n/a ,n/a ,n/a ,n/a ,n/a ,n/a ,n/a ,n/a ,n/a ,n/a ,n/a ,
G1 ,8,C ,CP2 ,6,6,n/a ,n/a ,n/a ,n/a ,n/a ,n/a ,n/a ,n/a ,n/a ,n/a ,n/a ,
G1 ,8,D ,CP3 ,7,8,n/a ,n/a ,n/a ,n/a ,n/a ,n/a ,n/a ,n/a ,n/a ,n/a ,n/a ,
G1 ,9,C ,YO11 ,7,6,X ,,,,,,,,,,,already marked 
G1 ,9,D ,FR ,7,12,n/a ,n/a ,n/a ,n/a ,n/a ,n/a ,n/a ,n/a ,n/a ,n/a ,n/a ,
G1 ,10,C ,TM2 ,3,9,n/a ,n/a ,n/a ,n/a ,n/a ,n/a ,n/a ,n/a ,n/a ,n/a ,n/a ,
G1 ,10,D ,SQ3 ,5,8,V ,12,6.6,4,Y ,W ,4,,,,0,
G1 ,11,C ,YO4 ,5,12,n/a ,n/a ,n/a ,n/a ,n/a ,n/a ,n/a ,n/a ,n/a ,n/a ,n/a ,
G1 ,11,D ,TM2 ,6,6,n/a ,n/a ,n/a ,n/a ,n/a ,n/a ,n/a ,n/a ,n/a ,n/a ,n/a ,
G1 ,12,C ,WL1 ,5,10,n/a ,n/a ,n/a ,n/a ,n/a ,n/a ,n/a ,n/a ,n/a ,n/a ,n/a ,
G1 ,12,D ,LVTR1 ,5,3,n/a ,n/a ,n/a ,n/a ,n/a ,n/a ,n/a ,n/a ,n/a ,n/a ,n/a ,
G1 ,13,C ,YO11 ,4,5,n/a ,n/a ,n/a ,n/a ,n/a ,n/a ,n/a ,n/a ,n/a ,n/a ,n/a ,
G1 ,13,D ,WV ,7,4,n/a ,n/a ,n/a ,n/a ,n/a ,n/a ,n/a ,n/a ,n/a ,n/a ,n/a ,
G1 ,14,C ,BH ,6,1,n/a ,n/a ,n/a ,n/a ,n/a ,n/a ,n/a ,n/a ,n/a ,n/a ,n/a ,
G1 ,14,D ,WV ,3,6,n/a ,n/a ,n/a ,n/a ,n/a ,n/a ,n/a ,n/a ,n/a ,n/a ,n/a ,
G1 ,15,C ,YO4 ,3,3,X,,,,,,,,,,,no plant 
G1 ,15,D ,CC ,6,1,n/a ,n/a ,n/a ,n/a ,n/a ,n/a ,n/a ,n/a ,n/a ,n/a ,n/a ,
G1 ,16,C ,LV1 ,6,13,n/a ,n/a ,n/a ,n/a ,n/a ,n/a ,n/a ,n/a ,n/a ,n/a ,n/a ,
G1 ,16,D ,LV1 ,3,1,n/a ,n/a ,n/a ,n/a ,n/a ,n/a ,n/a ,n/a ,n/a ,n/a ,n/a ,
G1 ,17,C ,YO7 ,7,4,V ,,4.2,3,Y ,SW ,2.5,,,,0,unable to get diam
G1 ,17,D ,LV1 ,5,9,n/a ,n/a ,n/a ,n/a ,n/a ,n/a ,n/a ,n/a ,n/a ,n/a ,n/a ,
G1 ,18,C ,YO4 ,1,11,n/a ,n/a ,n/a ,n/a ,n/a ,n/a ,n/a ,n/a ,n/a ,n/a ,n/a ,
G1 ,18,D ,TM2 ,7,10,X ,,,,,,,,,,,no plant 
G1 ,19,C ,CP2 ,2,9,n/a ,n/a ,n/a ,n/a ,n/a ,n/a ,n/a ,n/a ,n/a ,n/a ,n/a ,
G1 ,19,D ,LV3 ,4,10,n/a ,n/a ,n/a ,n/a ,n/a ,n/a ,n/a ,n/a ,n/a ,n/a ,n/a ,
G1 ,20,C ,CP3 ,2,5,n/a ,n/a ,n/a ,n/a ,n/a ,n/a ,n/a ,n/a ,n/a ,n/a ,n/a ,
G1 ,20,D ,YO11 ,5,9,n/a ,n/a ,n/a ,n/a ,n/a ,n/a ,n/a ,n/a ,n/a ,n/a ,n/a ,
G1 ,21,C ,FR ,4,1,n/a ,n/a ,n/a ,n/a ,n/a ,n/a ,n/a ,n/a ,n/a ,n/a ,n/a ,
G1 ,21,D ,YO8 ,7,3,X,,,,,,,,,,,no plant 
G1 ,22,C ,DPR ,7,2,X ,,,,,D ,,,,,,no plant 
G1 ,22,D ,WR ,3,12,n/a ,n/a ,n/a ,n/a ,n/a ,n/a ,n/a ,n/a ,n/a ,n/a ,n/a ,
G2 ,23,C ,YO7 ,5,2,X ,,,,,,,,,,,no plant 
G2 ,23,D ,WV ,3,12,X ,,,,,D ,,,,,,no plant 
G2 ,24,C ,SQ2 ,3,9,n/a ,n/a ,n/a ,n/a ,n/a ,n/a ,n/a ,n/a ,n/a ,n/a ,n/a ,
G2 ,24,D ,CC ,1,8,n/a ,n/a ,n/a ,n/a ,n/a ,n/a ,n/a ,n/a ,n/a ,n/a ,n/a ,
G2 ,25,C ,YO8 ,6,5,n/a ,n/a ,n/a ,n/a ,n/a ,n/a ,n/a ,n/a ,n/a ,n/a ,n/a ,
G2 ,25,D ,YO8 ,3,10,n/a ,n/a ,n/a ,n/a ,n/a ,n/a ,n/a ,n/a ,n/a ,n/a ,n/a ,
G2 ,26,C ,LVTR1 ,4,6,n/a ,n/a ,n/a ,n/a ,n/a ,n/a ,n/a ,n/a ,n/a ,n/a ,n/a ,
G2 ,26,D ,SC ,2,3,n/a ,n/a ,n/a ,n/a ,n/a ,n/a ,n/a ,n/a ,n/a ,n/a ,n/a ,
G2 ,27,C ,BH ,1,1,n/a ,n/a ,n/a ,n/a ,n/a ,n/a ,n/a ,n/a ,n/a ,n/a ,n/a ,
G2 ,27,D ,WR ,1,4,X ,,,,,D ,,,,,,no plant 
G2 ,28,C ,YO4 ,7,9,n/a ,n/a ,n/a ,n/a ,n/a ,n/a ,n/a ,n/a ,n/a ,n/a ,n/a ,
G2 ,28,D ,WV ,7,10,n/a ,n/a ,n/a ,n/a ,n/a ,n/a ,n/a ,n/a ,n/a ,n/a ,n/a ,
G2 ,29,C ,SQ2 ,7,5,n/a ,n/a ,n/a ,n/a ,n/a ,n/a ,n/a ,n/a ,n/a ,n/a ,n/a ,
G2 ,29,D ,WV ,5,4,n/a ,n/a ,n/a ,n/a ,n/a ,n/a ,n/a ,n/a ,n/a ,n/a ,n/a ,
G2 ,30,C ,DPR ,2,8,n/a ,n/a ,n/a ,n/a ,n/a ,n/a ,n/a ,n/a ,n/a ,n/a ,n/a ,
G2 ,30,D ,YO11 ,1,13,n/a ,n/a ,n/a ,n/a ,n/a ,n/a ,n/a ,n/a ,n/a ,n/a ,n/a ,
G2 ,31,C ,WL2 ,6,12,n/a ,n/a ,n/a ,n/a ,n/a ,n/a ,n/a ,n/a ,n/a ,n/a ,n/a ,
G2 ,31,D ,LVTR1 ,7,9,n/a ,n/a ,n/a ,n/a ,n/a ,n/a ,n/a ,n/a ,n/a ,n/a ,n/a ,
G2 ,32,C ,YO8 ,5,1,n/a ,n/a ,n/a ,n/a ,n/a ,n/a ,n/a ,n/a ,n/a ,n/a ,n/a ,
G2 ,32,D ,TM2 ,4,13,n/a ,n/a ,n/a ,n/a ,n/a ,n/a ,n/a ,n/a ,n/a ,n/a ,n/a ,
G2 ,33,C ,DPR ,4,3,n/a ,n/a ,n/a ,n/a ,n/a ,n/a ,n/a ,n/a ,n/a ,n/a ,n/a ,
G2 ,33,D ,LV1 ,6,2,n/a ,n/a ,n/a ,n/a ,n/a ,n/a ,n/a ,n/a ,n/a ,n/a ,n/a ,
G2 ,34,C ,YO11 ,6,3,n/a ,n/a ,n/a ,n/a ,n/a ,n/a ,n/a ,n/a ,n/a ,n/a ,n/a ,
G2 ,34,D ,LVTR1 ,3,1,n/a ,n/a ,n/a ,n/a ,n/a ,n/a ,n/a ,n/a ,n/a ,n/a ,n/a ,
G2 ,35,C ,DPR ,1,1,n/a ,n/a ,n/a ,n/a ,n/a ,n/a ,n/a ,n/a ,n/a ,n/a ,n/a ,
G2 ,35,D ,YO4 ,5,2,n/a ,n/a ,n/a ,n/a ,n/a ,n/a ,n/a ,n/a ,n/a ,n/a ,n/a ,
G2 ,36,C ,SQ1 ,5,6,V ,10.52,12,2,Y ,W ,5.8,,,,0,
G2 ,36,D ,CC ,6,12,n/a ,n/a ,n/a ,n/a ,n/a ,n/a ,n/a ,n/a ,n/a ,n/a ,n/a ,
G2 ,37,C ,CP2 ,1,10,X ,,,,,,,,,,,no plant 
G2 ,37,D ,WV ,6,7,n/a ,n/a ,n/a ,n/a ,n/a ,n/a ,n/a ,n/a ,n/a ,n/a ,n/a ,
G2 ,38,C ,YO11 ,3,6,n/a ,n/a ,n/a ,n/a ,n/a ,n/a ,n/a ,n/a ,n/a ,n/a ,n/a ,
G2 ,38,D ,SC ,3,8,n/a ,n/a ,n/a ,n/a ,n/a ,n/a ,n/a ,n/a ,n/a ,n/a ,n/a ,
G2 ,39,C ,CP2 ,6,13,n/a ,n/a ,n/a ,n/a ,n/a ,n/a ,n/a ,n/a ,n/a ,n/a ,n/a ,
G2 ,39,D ,CP3 ,4,2,n/a ,n/a ,n/a ,n/a ,n/a ,n/a ,n/a ,n/a ,n/a ,n/a ,n/a ,
G2 ,40,C ,CP2 ,5,5,n/a ,n/a ,n/a ,n/a ,n/a ,n/a ,n/a ,n/a ,n/a ,n/a ,n/a ,
G2 ,40,D ,WL2 ,1,5,n/a ,n/a ,n/a ,n/a ,n/a ,n/a ,n/a ,n/a ,n/a ,n/a ,n/a ,
G2 ,41,C ,YO7 ,1,12,n/a ,n/a ,n/a ,n/a ,n/a ,n/a ,n/a ,n/a ,n/a ,n/a ,n/a ,
G2 ,41,D ,SQ3 ,6,1,X,,,,,D ,,,,,,no plant 
G2 ,42,C ,FR ,2,3,n/a ,n/a ,n/a ,n/a ,n/a ,n/a ,n/a ,n/a ,n/a ,n/a ,n/a ,
G2 ,42,D ,SQ3 ,1,10,n/a ,n/a ,n/a ,n/a ,n/a ,n/a ,n/a ,n/a ,n/a ,n/a ,n/a ,
G2 ,43,C ,SQ2 ,5,2,n/a ,n/a ,n/a ,n/a ,n/a ,n/a ,n/a ,n/a ,n/a ,n/a ,n/a ,
G2 ,43,D ,TM2 ,6,13,n/a ,n/a ,n/a ,n/a ,n/a ,n/a ,n/a ,n/a ,n/a ,n/a ,n/a ,
G2 ,44,C ,SQ3 ,3,1,X ,,,,,D ,,,,,,no plant 
G2 ,44,D ,YO11 ,7,12,n/a ,n/a ,n/a ,n/a ,n/a ,n/a ,n/a ,n/a ,n/a ,n/a ,n/a ,
I1 ,1,A ,TM2 ,1,9,X ,,,,,,,,,,,no plant 
I1 ,1,B ,YO4 ,4,2,X ,,,,,,,,,,,already marked 
I1 ,2,A ,CP3 ,3,5,n/a ,n/a ,n/a ,n/a ,n/a ,n/a ,n/a ,n/a ,n/a ,n/a ,n/a ,
l1 ,2,B ,SQ3 ,5,4,n/a ,n/a ,n/a ,n/a ,n/a ,n/a ,n/a ,n/a ,n/a ,n/a ,n/a ,
l1 ,3,A ,LVTR1 ,4,12,X ,,,,,,,,,,,no plant 
l1 ,3,B ,LV1 ,2,10,n/a ,n/a ,n/a ,n/a ,n/a ,n/a ,n/a ,n/a ,n/a ,n/a ,n/a ,
l1 ,4,A ,CP3 ,4,8,X ,,,,,D ,,,,,,"no plant, broken tab "
l1 ,4,B ,LV1 ,7,13,X ,,,,,,,,,,,no plant 
l1 ,5,A ,IH ,3,9,X ,,,,,,,,,,,no Plant 
l1 ,5,B ,DPR ,1,7,n/a ,n/a ,n/a ,n/a ,n/a ,n/a ,n/a ,n/a ,n/a ,n/a ,n/a ,
l1 ,6,A ,YO4 ,2,12,X ,,,,,,,,,,,no Plant 
I1 ,6,B ,DPR ,3,5,n/a ,n/a ,n/a ,n/a ,n/a ,n/a ,n/a ,n/a ,n/a ,n/a ,n/a ,
l1 ,7,A ,LV1 ,5,5,n/a ,n/a ,n/a ,n/a ,n/a ,n/a ,n/a ,n/a ,n/a ,n/a ,n/a ,
l1 ,7,B ,YO8 ,4,4,X ,,,,,,,,,,,no plant 
l1 ,8,A ,DPR ,6,6,n/a ,n/a ,n/a ,n/a ,n/a ,n/a ,n/a ,n/a ,n/a ,n/a ,n/a ,
l1 ,8,B ,SQ3 ,2,3,n/a ,n/a ,n/a ,n/a ,n/a ,n/a ,n/a ,n/a ,n/a ,n/a ,n/a ,
l1 ,9,A ,CC ,7,10,n/a ,n/a ,n/a ,n/a ,n/a ,n/a ,n/a ,n/a ,n/a ,n/a ,n/a ,
l1 ,9,B ,TM2 ,3,5,n/a ,n/a ,n/a ,n/a ,n/a ,n/a ,n/a ,n/a ,n/a ,n/a ,n/a ,
l1 ,10,A ,CC ,5,13,n/a ,n/a ,n/a ,n/a ,n/a ,n/a ,n/a ,n/a ,n/a ,n/a ,n/a ,
l1 ,10,B ,YO11 ,4,1,n/a ,n/a ,n/a ,n/a ,n/a ,n/a ,n/a ,n/a ,n/a ,n/a ,n/a ,
I1 ,11,A ,YO7 ,3,13,n/a ,n/a ,n/a ,n/a ,n/a ,n/a ,n/a ,n/a ,n/a ,n/a ,n/a ,
I1 ,11,B ,SC ,1,2,n/a ,n/a ,n/a ,n/a ,n/a ,n/a ,n/a ,n/a ,n/a ,n/a ,n/a ,
I1 ,12,A ,LVTR1 ,2,3,n/a ,n/a ,n/a ,n/a ,n/a ,n/a ,n/a ,n/a ,n/a ,n/a ,n/a ,
I1 ,12,B ,YO4 ,5,8,n/a ,n/a ,n/a ,n/a ,n/a ,n/a ,n/a ,n/a ,n/a ,n/a ,n/a ,
I1 ,13,A ,YO7 ,1,2,n/a ,n/a ,n/a ,n/a ,n/a ,n/a ,n/a ,n/a ,n/a ,n/a ,n/a ,
l1 ,13,B ,SQ2 ,4,4,n/a ,n/a ,n/a ,n/a ,n/a ,n/a ,n/a ,n/a ,n/a ,n/a ,n/a ,
I1 ,14,A ,CC ,2,9,X ,,,,,,,,,,,no plant 
I1 ,14,B ,YO7 ,6,13,n/a ,n/a ,n/a ,n/a ,n/a ,n/a ,n/a ,n/a ,n/a ,n/a ,n/a ,
I1 ,15,A ,WV ,6,13,n/a ,n/a ,n/a ,n/a ,n/a ,n/a ,n/a ,n/a ,n/a ,n/a ,n/a ,
l1 ,15,B ,FR ,5,4,n/a ,n/a ,n/a ,n/a ,n/a ,n/a ,n/a ,n/a ,n/a ,n/a ,n/a ,
l1 ,16,A ,YO4 ,1,7,n/a ,n/a ,n/a ,n/a ,n/a ,n/a ,n/a ,n/a ,n/a ,n/a ,n/a ,
I1 ,16,B ,WV ,1,11,n/a ,n/a ,n/a ,n/a ,n/a ,n/a ,n/a ,n/a ,n/a ,n/a ,n/a ,
I1 ,17,A ,WL2 ,3,6,n/a ,n/a ,n/a ,n/a ,n/a ,n/a ,n/a ,n/a ,n/a ,n/a ,n/a ,
l1 ,17,B ,LV1 ,6,9,V ,2.41,5,1,Y ,N ,1.9,,,,0,
I1 ,18,A ,SQ1 ,3,2,n/a ,n/a ,n/a ,n/a ,n/a ,n/a ,n/a ,n/a ,n/a ,n/a ,n/a ,
I1 ,18,B ,IH ,6,1,n/a ,n/a ,n/a ,n/a ,n/a ,n/a ,n/a ,n/a ,n/a ,n/a ,n/a ,
I1 ,19,A ,FR ,6,8,n/a ,n/a ,n/a ,n/a ,n/a ,n/a ,n/a ,n/a ,n/a ,n/a ,n/a ,
I1 ,19,B ,YO8 ,6,11,n/a ,n/a ,n/a ,n/a ,n/a ,n/a ,n/a ,n/a ,n/a ,n/a ,n/a ,
I1 ,20,A ,SQ1 ,6,1,n/a ,n/a ,n/a ,n/a ,n/a ,n/a ,n/a ,n/a ,n/a ,n/a ,n/a ,
I1 ,20,B ,WL2 ,6,2,n/a ,n/a ,n/a ,n/a ,n/a ,n/a ,n/a ,n/a ,n/a ,n/a ,n/a ,
l1 ,21,A ,LV1 ,1,7,n/a ,n/a ,n/a ,n/a ,n/a ,n/a ,n/a ,n/a ,n/a ,n/a ,n/a ,
l1 ,21,B ,SC ,2,9,n/a ,n/a ,n/a ,n/a ,n/a ,n/a ,n/a ,n/a ,n/a ,n/a ,n/a ,
l1 ,22,A ,LV3 ,3,12,n/a ,n/a ,n/a ,n/a ,n/a ,n/a ,n/a ,n/a ,n/a ,n/a ,n/a ,
l1 ,22,B ,CP2 ,2,5,n/a ,n/a ,n/a ,n/a ,n/a ,n/a ,n/a ,n/a ,n/a ,n/a ,n/a ,
I2,23,A ,LV3 ,3,8,n/a ,n/a ,n/a ,n/a ,n/a ,n/a ,n/a ,n/a ,n/a ,n/a ,n/a ,
I2,23,B ,DPR ,4,5,n/a ,n/a ,n/a ,n/a ,n/a ,n/a ,n/a ,n/a ,n/a ,n/a ,n/a ,
I2,24,A ,WL2 ,3,1,n/a ,n/a ,n/a ,n/a ,n/a ,n/a ,n/a ,n/a ,n/a ,n/a ,n/a ,
I2,24,B ,SQ3 ,3,6,n/a ,n/a ,n/a ,n/a ,n/a ,n/a ,n/a ,n/a ,n/a ,n/a ,n/a ,
I2,25,A ,CP2 ,7,2,X ,,,,,D ,,,,,,no plant 
I2,25,B ,CP3 ,1,8,n/a ,n/a ,n/a ,n/a ,n/a ,n/a ,n/a ,n/a ,n/a ,n/a ,n/a ,
I2,26,A ,LVTR1 ,4,8,n/a ,n/a ,n/a ,n/a ,n/a ,n/a ,n/a ,n/a ,n/a ,n/a ,n/a ,
I2,26,B ,CP2 ,3,7,n/a ,n/a ,n/a ,n/a ,n/a ,n/a ,n/a ,n/a ,n/a ,n/a ,n/a ,
I2,27,A ,WR ,3,3,V ,5.85,6.9,1,Y ,W ,5.1,,,,0,
I2,27,B ,LVTR1 ,3,3,n/a ,n/a ,n/a ,n/a ,n/a ,n/a ,n/a ,n/a ,n/a ,n/a ,n/a ,
I2,28,A ,FR ,4,11,n/a ,n/a ,n/a ,n/a ,n/a ,n/a ,n/a ,n/a ,n/a ,n/a ,n/a ,
I2,28,B ,YO8 ,3,13,n/a ,n/a ,n/a ,n/a ,n/a ,n/a ,n/a ,n/a ,n/a ,n/a ,n/a ,
I2,29,A ,SC ,7,4,n/a ,n/a ,n/a ,n/a ,n/a ,n/a ,n/a ,n/a ,n/a ,n/a ,n/a ,
I2,29,B ,YO4 ,5,4,n/a ,n/a ,n/a ,n/a ,n/a ,n/a ,n/a ,n/a ,n/a ,n/a ,n/a ,
I2,30,A ,SQ1 ,5,8,n/a ,n/a ,n/a ,n/a ,n/a ,n/a ,n/a ,n/a ,n/a ,n/a ,n/a ,
I2,30,B ,SQ2 ,2,8,X ,,,,,,,,,,,no plant 
I2,31,A ,SQ3 ,6,3,X ,,,,,,,,,,,no plant 
I2,31,B ,YO7 ,5,4,n/a ,n/a ,n/a ,n/a ,n/a ,n/a ,n/a ,n/a ,n/a ,n/a ,n/a ,
I2,32,A ,CP3 ,5,7,n/a ,n/a ,n/a ,n/a ,n/a ,n/a ,n/a ,n/a ,n/a ,n/a ,n/a ,
I2,32,B ,YO7 ,2,2,X,,,,,D ,,,,,,no plant 
I2,33,A ,YO11 ,3,8,X,,,,,,,,,,,no plant 
I2,33,B ,CP2 ,1,12,n/a ,n/a ,n/a ,n/a ,n/a ,n/a ,n/a ,n/a ,n/a ,n/a ,n/a ,
I2,34,A ,CC ,3,7,n/a ,n/a ,n/a ,n/a ,n/a ,n/a ,n/a ,n/a ,n/a ,n/a ,n/a ,
I2,34,B ,WL2 ,5,12,X ,,,,,D ,,,,,,no plant 
I2,35,A ,SQ2 ,5,6,n/a ,n/a ,n/a ,n/a ,n/a ,n/a ,n/a ,n/a ,n/a ,n/a ,n/a ,
I2,35,B ,SC ,3,10,n/a ,n/a ,n/a ,n/a ,n/a ,n/a ,n/a ,n/a ,n/a ,n/a ,n/a ,
I2,36,A ,LV1 ,1,3,n/a ,n/a ,n/a ,n/a ,n/a ,n/a ,n/a ,n/a ,n/a ,n/a ,n/a ,
I2,36,B ,SQ2 ,1,3,n/a ,n/a ,n/a ,n/a ,n/a ,n/a ,n/a ,n/a ,n/a ,n/a ,n/a ,
I2,37,A ,FR ,3,3,n/a ,n/a ,n/a ,n/a ,n/a ,n/a ,n/a ,n/a ,n/a ,n/a ,n/a ,
I2,37,B ,SQ2 ,7,9,X,,,,,,,,,,,no plant 
I2,38,A ,YO4 ,1,3,n/a ,n/a ,n/a ,n/a ,n/a ,n/a ,n/a ,n/a ,n/a ,n/a ,n/a ,
I2,38,B ,LVTR1 ,7,11,n/a ,n/a ,n/a ,n/a ,n/a ,n/a ,n/a ,n/a ,n/a ,n/a ,n/a ,
I2,39,A ,IH ,1,3,n/a ,n/a ,n/a ,n/a ,n/a ,n/a ,n/a ,n/a ,n/a ,n/a ,n/a ,
I2,39,B ,DPR ,3,1,n/a ,n/a ,n/a ,n/a ,n/a ,n/a ,n/a ,n/a ,n/a ,n/a ,n/a ,
I2,40,A ,LV1 ,3,9,n/a ,n/a ,n/a ,n/a ,n/a ,n/a ,n/a ,n/a ,n/a ,n/a ,n/a ,
I2,40,B ,SQ3 ,7,9,V ,8.83,8.6,9,Y ,SW ,2.7,,,,0,
I2,41,A ,CP3 ,4,4,n/a ,n/a ,n/a ,n/a ,n/a ,n/a ,n/a ,n/a ,n/a ,n/a ,n/a ,
I2,41,B ,LV1 ,2,6,X ,,,,,D ,,,,,,no plant 
I2,42,A ,TM2 ,7,2,n/a ,n/a ,n/a ,n/a ,n/a ,n/a ,n/a ,n/a ,n/a ,n/a ,n/a ,
I2,42,B ,YO11 ,6,5,n/a ,n/a ,n/a ,n/a ,n/a ,n/a ,n/a ,n/a ,n/a ,n/a ,n/a ,
I2,43,A ,WV ,7,12,n/a ,n/a ,n/a ,n/a ,n/a ,n/a ,n/a ,n/a ,n/a ,n/a ,n/a ,
I2,43,B ,SQ3 ,4,13,n/a ,n/a ,n/a ,n/a ,n/a ,n/a ,n/a ,n/a ,n/a ,n/a ,n/a ,
I2,44,A ,YO8 ,6,7,n/a ,n/a ,n/a ,n/a ,n/a ,n/a ,n/a ,n/a ,n/a ,n/a ,n/a ,
I2,44,B ,LV1 ,5,1,n/a ,n/a ,n/a ,n/a ,n/a ,n/a ,n/a ,n/a ,n/a ,n/a ,n/a ,
I1 ,1,C ,YO4 ,6,12,n/a ,n/a ,n/a ,n/a ,n/a ,n/a ,n/a ,n/a ,n/a ,n/a ,n/a ,
I1 ,1,D ,YO8 ,2,10,n/a ,n/a ,n/a ,n/a ,n/a ,n/a ,n/a ,n/a ,n/a ,n/a ,n/a ,
I1 ,2,C ,SC ,7,8,n/a ,n/a ,n/a ,n/a ,n/a ,n/a ,n/a ,n/a ,n/a ,n/a ,n/a ,
l1 ,2,D ,BH ,1,9,n/a ,n/a ,n/a ,n/a ,n/a ,n/a ,n/a ,n/a ,n/a ,n/a ,n/a ,
I1 ,3,C ,YO7 ,2,7,n/a ,n/a ,n/a ,n/a ,n/a ,n/a ,n/a ,n/a ,n/a ,n/a ,n/a ,
I1 ,3,D ,YO11 ,2,8,n/a ,n/a ,n/a ,n/a ,n/a ,n/a ,n/a ,n/a ,n/a ,n/a ,n/a ,
I1 ,4,C ,WL1 ,5,5,n/a ,n/a ,n/a ,n/a ,n/a ,n/a ,n/a ,n/a ,n/a ,n/a ,n/a ,
l1 ,4,D ,SQ1 ,4,8,n/a ,n/a ,n/a ,n/a ,n/a ,n/a ,n/a ,n/a ,n/a ,n/a ,n/a ,
I1 ,5,C ,YO8 ,5,7,n/a ,n/a ,n/a ,n/a ,n/a ,n/a ,n/a ,n/a ,n/a ,n/a ,n/a ,
I1 ,5,D ,WR ,3,8,n/a ,n/a ,n/a ,n/a ,n/a ,n/a ,n/a ,n/a ,n/a ,n/a ,n/a ,
l2,6,C ,CP3 ,7,4,V ,6.6,7.7,6,Y ,SW ,2.1,,,,0,
l1 ,6,D ,WL2 ,2,2,n/a ,n/a ,n/a ,n/a ,n/a ,n/a ,n/a ,n/a ,n/a ,n/a ,n/a ,
I1 ,7,C ,WL2 ,7,6,n/a ,n/a ,n/a ,n/a ,n/a ,n/a ,n/a ,n/a ,n/a ,n/a ,n/a ,
I1 ,7,D ,YO11 ,1,3,X ,,,,,,,,,,,no plant 
l1 ,8,C ,SQ2 ,5,11,n/a ,n/a ,n/a ,n/a ,n/a ,n/a ,n/a ,n/a ,n/a ,n/a ,n/a ,
I1 ,8,D ,TM2 ,7,6,n/a ,n/a ,n/a ,n/a ,n/a ,n/a ,n/a ,n/a ,n/a ,n/a ,n/a ,
I1 ,9,C ,LV3 ,6,6,X ,,,,,,,,,,,no plant 
I1 ,9,D ,SQ2 ,1,7,n/a ,n/a ,n/a ,n/a ,n/a ,n/a ,n/a ,n/a ,n/a ,n/a ,n/a ,
I1 ,10,C ,YO7 ,5,9,X ,,,,,,,,,,,no plant 
I1 ,10,D ,LV1 ,4,1,n/a ,n/a ,n/a ,n/a ,n/a ,n/a ,n/a ,n/a ,n/a ,n/a ,n/a ,
I1 ,11,C ,SQ2 ,2,12,n/a ,n/a ,n/a ,n/a ,n/a ,n/a ,n/a ,n/a ,n/a ,n/a ,n/a ,
I1 ,11,D ,WR ,2,1,n/a ,n/a ,n/a ,n/a ,n/a ,n/a ,n/a ,n/a ,n/a ,n/a ,n/a ,
I1 ,12,C ,WV ,3,2,n/a ,n/a ,n/a ,n/a ,n/a ,n/a ,n/a ,n/a ,n/a ,n/a ,n/a ,
I1,12,D ,FR ,3,9,n/a ,n/a ,n/a ,n/a ,n/a ,n/a ,n/a ,n/a ,n/a ,n/a ,n/a ,
I1,13,C ,LVTR1 ,6,6,n/a ,n/a ,n/a ,n/a ,n/a ,n/a ,n/a ,n/a ,n/a ,n/a ,n/a ,
I1,13,D ,FR ,7,5,n/a ,n/a ,n/a ,n/a ,n/a ,n/a ,n/a ,n/a ,n/a ,n/a ,n/a ,
I1,14,C ,CP3 ,1,12,n/a ,n/a ,n/a ,n/a ,n/a ,n/a ,n/a ,n/a ,n/a ,n/a ,n/a ,
l1 ,14,D ,WV ,4,6,X,,,,,,,,,,,no Plant 
l1 ,15,C ,IH ,2,4,n/a ,n/a ,n/a ,n/a ,n/a ,n/a ,n/a ,n/a ,n/a ,n/a ,n/a ,
I1 ,15,D ,SQ3 ,3,10,n/a ,n/a ,n/a ,n/a ,n/a ,n/a ,n/a ,n/a ,n/a ,n/a ,n/a ,
I1 ,16,C ,YO11 ,6,12,n/a ,n/a ,n/a ,n/a ,n/a ,n/a ,n/a ,n/a ,n/a ,n/a ,n/a ,
l1 ,16,D ,SQ3 ,7,13,n/a ,n/a ,n/a ,n/a ,n/a ,n/a ,n/a ,n/a ,n/a ,n/a ,n/a ,
l1 ,17,C ,YO11 ,5,5,n/a ,n/a ,n/a ,n/a ,n/a ,n/a ,n/a ,n/a ,n/a ,n/a ,n/a ,
l1 ,17,D ,CP2 ,4,5,n/a ,n/a ,n/a ,n/a ,n/a ,n/a ,n/a ,n/a ,n/a ,n/a ,n/a ,
l1 ,18,C ,DPR ,4,12,n/a ,n/a ,n/a ,n/a ,n/a ,n/a ,n/a ,n/a ,n/a ,n/a ,n/a ,
l1 ,18,D ,CP3 ,5,12,n/a ,n/a ,n/a ,n/a ,n/a ,n/a ,n/a ,n/a ,n/a ,n/a ,n/a ,
l1 ,19,C ,SQ3 ,6,7,n/a ,n/a ,n/a ,n/a ,n/a ,n/a ,n/a ,n/a ,n/a ,n/a ,n/a ,
I1 ,19,D ,SQ2 ,7,13,X ,,,,,,,,,,,no plant 
I1 ,20,C ,YO8 ,1,5,X ,,,,,,,,,,,no Plant 
I1 ,20,D ,CP2 ,7,8,n/a ,n/a ,n/a ,n/a ,n/a ,n/a ,n/a ,n/a ,n/a ,n/a ,n/a ,
I1 ,21,C ,LVTR1 ,3,7,n/a ,n/a ,n/a ,n/a ,n/a ,n/a ,n/a ,n/a ,n/a ,n/a ,n/a ,
I1,21,D ,SC ,6,7,n/a ,n/a ,n/a ,n/a ,n/a ,n/a ,n/a ,n/a ,n/a ,n/a ,n/a ,
I1,22,C ,CP2 ,6,1,n/a ,n/a ,n/a ,n/a ,n/a ,n/a ,n/a ,n/a ,n/a ,n/a ,n/a ,
I1,22,D ,WV ,5,10,n/a ,n/a ,n/a ,n/a ,n/a ,n/a ,n/a ,n/a ,n/a ,n/a ,n/a ,
I2,23,C ,SQ2 ,3,11,n/a ,n/a ,n/a ,n/a ,n/a ,n/a ,n/a ,n/a ,n/a ,n/a ,n/a ,
I2,23,D ,LVTR1 ,1,12,n/a ,n/a ,n/a ,n/a ,n/a ,n/a ,n/a ,n/a ,n/a ,n/a ,n/a ,
I2,24,C ,YO7 ,3,9,X,,,,,D ,,,,,,no plant 
I2,24,D ,YO4 ,2,8,X,,,,,,,,,,,no plant 
I2,25,C ,BH ,1,3,n/a ,n/a ,n/a ,n/a ,n/a ,n/a ,n/a ,n/a ,n/a ,n/a ,n/a ,
I2,25,D ,WL1 ,3,13,n/a ,n/a ,n/a ,n/a ,n/a ,n/a ,n/a ,n/a ,n/a ,n/a ,n/a ,
I2,26,C ,WV ,6,9,n/a ,n/a ,n/a ,n/a ,n/a ,n/a ,n/a ,n/a ,n/a ,n/a ,n/a ,
I2,26,D ,FR ,7,1,n/a ,n/a ,n/a ,n/a ,n/a ,n/a ,n/a ,n/a ,n/a ,n/a ,n/a ,
I2,27,C ,TM2 ,2,7,n/a ,n/a ,n/a ,n/a ,n/a ,n/a ,n/a ,n/a ,n/a ,n/a ,n/a ,
I2,27,D ,IH ,5,8,n/a ,n/a ,n/a ,n/a ,n/a ,n/a ,n/a ,n/a ,n/a ,n/a ,n/a ,
I2,28,C ,LV1 ,6,4,X ,,,,,,,,,,,no plant 
I2,28,D ,WR ,1,8,n/a ,n/a ,n/a ,n/a ,n/a ,n/a ,n/a ,n/a ,n/a ,n/a ,n/a ,
I2,29,C ,SQ3 ,1,12,n/a ,n/a ,n/a ,n/a ,n/a ,n/a ,n/a ,n/a ,n/a ,n/a ,n/a ,
I2,29,D ,CP3 ,6,11,V ,7.93,8.5,4,Y ,N ,2.3,,,,0,
I2,30,C ,YO8 ,1,1,X ,,,,,,,,,,,no Plant 
I2,30,D ,YO11 ,5,1,n/a ,n/a ,n/a ,n/a ,n/a ,n/a ,n/a ,n/a ,n/a ,n/a ,n/a ,
I2,31,C ,WL2 ,1,10,X ,,,,,,,,,,,no plant 
I2,31,D ,DPR ,7,11,n/a ,n/a ,n/a ,n/a ,n/a ,n/a ,n/a ,n/a ,n/a ,n/a ,n/a ,
I2,32,C ,LV1 ,7,9,X,,,,,,,,,,,no plant 
I2,32,D ,SQ1 ,4,3,n/a ,n/a ,n/a ,n/a ,n/a ,n/a ,n/a ,n/a ,n/a ,n/a ,n/a ,
I2,33,C ,YO4 ,3,11,n/a ,n/a ,n/a ,n/a ,n/a ,n/a ,n/a ,n/a ,n/a ,n/a ,n/a ,
I2,33,D ,LV3 ,7,4,n/a ,n/a ,n/a ,n/a ,n/a ,n/a ,n/a ,n/a ,n/a ,n/a ,n/a ,
I2,34,C ,WV ,1,7,n/a ,n/a ,n/a ,n/a ,n/a ,n/a ,n/a ,n/a ,n/a ,n/a ,n/a ,
I2,34,D ,WV ,4,1,X ,,,,,,,,,,,no plant 
I2,35,C ,CP2 ,5,7,n/a ,n/a ,n/a ,n/a ,n/a ,n/a ,n/a ,n/a ,n/a ,n/a ,n/a ,
I2,35,D ,LVTR1 ,5,11,X,,,,,,,,,,,no Plant 
I2,36,C ,YO4 ,7,11,n/a ,n/a ,n/a ,n/a ,n/a ,n/a ,n/a ,n/a ,n/a ,n/a ,n/a ,
I2,36,D ,DPR ,5,13,n/a ,n/a ,n/a ,n/a ,n/a ,n/a ,n/a ,n/a ,n/a ,n/a ,n/a ,
I2,37,C ,SC ,2,5,n/a ,n/a ,n/a ,n/a ,n/a ,n/a ,n/a ,n/a ,n/a ,n/a ,n/a ,
I2,37,D ,YO4 ,6,8,n/a ,n/a ,n/a ,n/a ,n/a ,n/a ,n/a ,n/a ,n/a ,n/a ,n/a ,
I2,38,C ,WL2 ,7,1,X,,,,,,,,,,,No Plant 
I2,38,D ,DPR ,1,3,n/a ,n/a ,n/a ,n/a ,n/a ,n/a ,n/a ,n/a ,n/a ,n/a ,n/a ,
I2,39,C ,IH ,3,5,n/a ,n/a ,n/a ,n/a ,n/a ,n/a ,n/a ,n/a ,n/a ,n/a ,n/a ,
I2,39,D ,WV ,5,6,n/a ,n/a ,n/a ,n/a ,n/a ,n/a ,n/a ,n/a ,n/a ,n/a ,n/a ,
I2,40,C ,SQ1 ,2,11,n/a ,n/a ,n/a ,n/a ,n/a ,n/a ,n/a ,n/a ,n/a ,n/a ,n/a ,
I2,40,D ,YO8 ,2,6,n/a ,n/a ,n/a ,n/a ,n/a ,n/a ,n/a ,n/a ,n/a ,n/a ,n/a ,
I2,41,C ,YO7 ,6,8,X ,,,,,,,,,,,no Plant 
I2,41,D ,CC ,7,5,n/a ,n/a ,n/a ,n/a ,n/a ,n/a ,n/a ,n/a ,n/a ,n/a ,n/a ,
I2,42,C ,YO11 ,2,4,X,,,,,,,,,,,No plant 
I2,42,D ,TM2 ,3,11,n/a ,n/a ,n/a ,n/a ,n/a ,n/a ,n/a ,n/a ,n/a ,n/a ,n/a ,
I2,43,C ,CP3 ,3,1,V ,1.42,1.1,1,N ,SW ,1.2,,,,0,
I2,43,D ,YO8 ,5,3,n/a ,n/a ,n/a ,n/a ,n/a ,n/a ,n/a ,n/a ,n/a ,n/a ,n/a ,
I2,44,C ,CC ,1,12,n/a ,n/a ,n/a ,n/a ,n/a ,n/a ,n/a ,n/a ,n/a ,n/a ,n/a ,
I2,44,D ,WV ,2,10,n/a ,n/a ,n/a ,n/a ,n/a ,n/a ,n/a ,n/a ,n/a ,n/a ,n/a ,
K1 ,1,A ,YO8 ,5,4,n/a ,n/a ,n/a ,n/a ,n/a ,n/a ,n/a ,n/a ,n/a ,n/a ,n/a ,
K1 ,1,B ,LVTR1 ,1,13,n/a ,n/a ,n/a ,n/a ,n/a ,n/a ,n/a ,n/a ,n/a ,n/a ,n/a ,
K1 ,2,A ,LV1 ,5,2,n/a ,n/a ,n/a ,n/a ,n/a ,n/a ,n/a ,n/a ,n/a ,n/a ,n/a ,
K1 ,2,B ,WL1 ,5,1,X ,,,,,,,,,,,no plant 
K1 ,3,A ,LV1 ,3,10,X ,,,,,,,,,,,no plant 
K1 ,3,B ,SC ,2,6,n/a ,n/a ,n/a ,n/a ,n/a ,n/a ,n/a ,n/a ,n/a ,n/a ,n/a ,
K1 ,4,A ,FR ,3,4,n/a ,n/a ,n/a ,n/a ,n/a ,n/a ,n/a ,n/a ,n/a ,n/a ,n/a ,
K1 ,4,B ,YO7 ,5,6,n/a ,n/a ,n/a ,n/a ,n/a ,n/a ,n/a ,n/a ,n/a ,n/a ,n/a ,
K1 ,5,A ,TM2 ,7,3,n/a ,n/a ,n/a ,n/a ,n/a ,n/a ,n/a ,n/a ,n/a ,n/a ,n/a ,
K1 ,5,B ,SQ1 ,5,10,n/a ,n/a ,n/a ,n/a ,n/a ,n/a ,n/a ,n/a ,n/a ,n/a ,n/a ,
K1 ,6,A ,DPR ,1,4,n/a ,n/a ,n/a ,n/a ,n/a ,n/a ,n/a ,n/a ,n/a ,n/a ,n/a ,
K1 ,6,B ,DPR ,7,12,n/a ,n/a ,n/a ,n/a ,n/a ,n/a ,n/a ,n/a ,n/a ,n/a ,n/a ,
K1 ,7,A ,SQ1 ,4,5,n/a ,n/a ,n/a ,n/a ,n/a ,n/a ,n/a ,n/a ,n/a ,n/a ,n/a ,
K1 ,7,B ,SQ3 ,6,4,n/a ,n/a ,n/a ,n/a ,n/a ,n/a ,n/a ,n/a ,n/a ,n/a ,n/a ,
K1 ,8,A ,SQ3 ,3,7,n/a ,n/a ,n/a ,n/a ,n/a ,n/a ,n/a ,n/a ,n/a ,n/a ,n/a ,
K1 ,8,B ,LV1 ,1,4,n/a ,n/a ,n/a ,n/a ,n/a ,n/a ,n/a ,n/a ,n/a ,n/a ,n/a ,
K1 ,9,A ,WL2 ,1,11,n/a ,n/a ,n/a ,n/a ,n/a ,n/a ,n/a ,n/a ,n/a ,n/a ,n/a ,
K1 ,9,B ,LVTR1 ,3,4,n/a ,n/a ,n/a ,n/a ,n/a ,n/a ,n/a ,n/a ,n/a ,n/a ,n/a ,
K1 ,10,A ,SQ2 ,3,12,n/a ,n/a ,n/a ,n/a ,n/a ,n/a ,n/a ,n/a ,n/a ,n/a ,n/a ,
K1 ,10,B ,WV ,2,11,n/a ,n/a ,n/a ,n/a ,n/a ,n/a ,n/a ,n/a ,n/a ,n/a ,n/a ,
K1 ,11,A ,LV1 ,2,7,n/a ,n/a ,n/a ,n/a ,n/a ,n/a ,n/a ,n/a ,n/a ,n/a ,n/a ,
K1 ,11,B ,YO8 ,6,8,n/a ,n/a ,n/a ,n/a ,n/a ,n/a ,n/a ,n/a ,n/a ,n/a ,n/a ,
K1 ,12,A ,WV ,4,2,n/a ,n/a ,n/a ,n/a ,n/a ,n/a ,n/a ,n/a ,n/a ,n/a ,n/a ,
K1 ,12,B ,FR ,4,12,n/a ,n/a ,n/a ,n/a ,n/a ,n/a ,n/a ,n/a ,n/a ,n/a ,n/a ,
K1 ,13,A ,CP3 ,1,9,X ,,,,,,,,,,,no plant 
K1 ,13,B ,SQ2 ,7,10,n/a ,n/a ,n/a ,n/a ,n/a ,n/a ,n/a ,n/a ,n/a ,n/a ,n/a ,
K1 ,14,A ,CP3 ,6,12,n/a ,n/a ,n/a ,n/a ,n/a ,n/a ,n/a ,n/a ,n/a ,n/a ,n/a ,
K1 ,14,B ,WV ,7,13,n/a ,n/a ,n/a ,n/a ,n/a ,n/a ,n/a ,n/a ,n/a ,n/a ,n/a ,
K1 ,15,A ,YO11 ,1,4,V ,0.82,4.3,4,Y ,SW ,1.8,,,,0,
K1 ,15,B ,CC ,3,6,n/a ,n/a ,n/a ,n/a ,n/a ,n/a ,n/a ,n/a ,n/a ,n/a ,n/a ,
K1 ,16,A ,YO11 ,7,3,n/a ,n/a ,n/a ,n/a ,n/a ,n/a ,n/a ,n/a ,n/a ,n/a ,n/a ,
K1 ,16,B ,WV ,5,11,n/a ,n/a ,n/a ,n/a ,n/a ,n/a ,n/a ,n/a ,n/a ,n/a ,n/a ,
K1 ,17,A ,CP3 ,5,13,n/a ,n/a ,n/a ,n/a ,n/a ,n/a ,n/a ,n/a ,n/a ,n/a ,n/a ,
K1 ,17,B ,TM2 ,2,12,X ,,,,,,,,,,,no Plant 
K1 ,18,A ,SQ2 ,4,5,X ,,,,,,,,,,,no plant 
K1 ,18,B ,CP2 ,7,9,n/a ,n/a ,n/a ,n/a ,n/a ,n/a ,n/a ,n/a ,n/a ,n/a ,n/a ,
K1 ,19,A ,YO11 ,4,2,n/a ,n/a ,n/a ,n/a ,n/a ,n/a ,n/a ,n/a ,n/a ,n/a ,n/a ,
K1 ,19,B ,WR ,2,3,X,,,,,,,,,,,no plant 
K1 ,20,A ,SQ1 ,3,3,n/a ,n/a ,n/a ,n/a ,n/a ,n/a ,n/a ,n/a ,n/a ,n/a ,n/a ,
K1 ,20,B ,WV ,3,3,n/a ,n/a ,n/a ,n/a ,n/a ,n/a ,n/a ,n/a ,n/a ,n/a ,n/a ,
K1 ,21,A ,WV ,4,7,n/a ,n/a ,n/a ,n/a ,n/a ,n/a ,n/a ,n/a ,n/a ,n/a ,n/a ,
K1 ,21,B ,IH ,2,5,n/a ,n/a ,n/a ,n/a ,n/a ,n/a ,n/a ,n/a ,n/a ,n/a ,n/a ,
K1 ,22,A ,SQ2 ,1,8,n/a ,n/a ,n/a ,n/a ,n/a ,n/a ,n/a ,n/a ,n/a ,n/a ,n/a ,
K1 ,22,B ,SQ3 ,1,1,n/a ,n/a ,n/a ,n/a ,n/a ,n/a ,n/a ,n/a ,n/a ,n/a ,n/a ,
K2 ,23,A ,YO7 ,5,10,n/a ,n/a ,n/a ,n/a ,n/a ,n/a ,n/a ,n/a ,n/a ,n/a ,n/a ,
K2 ,23,B ,WV ,7,1,n/a ,n/a ,n/a ,n/a ,n/a ,n/a ,n/a ,n/a ,n/a ,n/a ,n/a ,
K2 ,24,A ,YO8 ,1,6,n/a ,n/a ,n/a ,n/a ,n/a ,n/a ,n/a ,n/a ,n/a ,n/a ,n/a ,
K2 ,24,B ,FR ,5,5,n/a ,n/a ,n/a ,n/a ,n/a ,n/a ,n/a ,n/a ,n/a ,n/a ,n/a ,
K2 ,25,A ,TM2 ,7,7,n/a ,n/a ,n/a ,n/a ,n/a ,n/a ,n/a ,n/a ,n/a ,n/a ,n/a ,
K2 ,25,B ,LV1 ,2,11,X ,,,,,,,,,,,no Plant 
K2 ,26,A ,YO8 ,6,12,n/a ,n/a ,n/a ,n/a ,n/a ,n/a ,n/a ,n/a ,n/a ,n/a ,n/a ,
K2 ,26,B ,LV1 ,5,6,n/a ,n/a ,n/a ,n/a ,n/a ,n/a ,n/a ,n/a ,n/a ,n/a ,n/a ,
K2 ,27,A ,YO7 ,2,8,X,,,,,,,,,,,no plant 
K2 ,27,B ,LV1 ,1,8,n/a ,n/a ,n/a ,n/a ,n/a ,n/a ,n/a ,n/a ,n/a ,n/a ,n/a ,
K2 ,28,A ,LVTR1 ,3,8,X ,,,,,D ,,,,,,no plant 
K2 ,28,B ,YO7 ,4,1,V ,0.87,2.5,4,Y ,SW ,1,,,,0,
K2 ,29,A ,YO7 ,7,1,n/a ,n/a ,n/a ,n/a ,n/a ,n/a ,n/a ,n/a ,n/a ,n/a ,n/a ,
K2 ,29,B ,SC ,5,2,n/a ,n/a ,n/a ,n/a ,n/a ,n/a ,n/a ,n/a ,n/a ,n/a ,n/a ,
K2 ,30,A ,YO7 ,1,3,X ,,,,,D ,,,,,,no plant 
K2 ,30,B ,IH ,3,10,n/a ,n/a ,n/a ,n/a ,n/a ,n/a ,n/a ,n/a ,n/a ,n/a ,n/a ,
K2 ,31,A ,CC ,2,12,X ,,,,,D ,,,,,,no plant 
K2 ,31,B ,DPR ,3,6,n/a ,n/a ,n/a ,n/a ,n/a ,n/a ,n/a ,n/a ,n/a ,n/a ,n/a ,
K2 ,32,A ,TM2 ,6,2,n/a ,n/a ,n/a ,n/a ,n/a ,n/a ,n/a ,n/a ,n/a ,n/a ,n/a ,
K2 ,32,B ,SQ3 ,3,11,n/a ,n/a ,n/a ,n/a ,n/a ,n/a ,n/a ,n/a ,n/a ,n/a ,n/a ,
K2 ,33,A ,CP3 ,3,6,n/a ,n/a ,n/a ,n/a ,n/a ,n/a ,n/a ,n/a ,n/a ,n/a ,n/a ,
K2 ,33,B ,SC ,1,3,n/a ,n/a ,n/a ,n/a ,n/a ,n/a ,n/a ,n/a ,n/a ,n/a ,n/a ,
K2 ,34,A ,SQ2 ,2,13,n/a ,n/a ,n/a ,n/a ,n/a ,n/a ,n/a ,n/a ,n/a ,n/a ,n/a ,
K2 ,34,B ,YO4 ,4,6,V ,3.67,5.1,3,Y ,SW ,2.6,,,,0,
K2 ,35,A ,DPR ,5,1,n/a ,n/a ,n/a ,n/a ,n/a ,n/a ,n/a ,n/a ,n/a ,n/a ,n/a ,
K2 ,35,B ,WL2 ,3,9,n/a ,n/a ,n/a ,n/a ,n/a ,n/a ,n/a ,n/a ,n/a ,n/a ,n/a ,
K2 ,36,A ,LVTR1 ,6,7,n/a ,n/a ,n/a ,n/a ,n/a ,n/a ,n/a ,n/a ,n/a ,n/a ,n/a ,
K2 ,36,B ,WL2 ,2,3,V ,7.61,16,3,Y ,SW ,1.6,,,,0,
K2 ,37,A ,YO8 ,2,7,n/a ,n/a ,n/a ,n/a ,n/a ,n/a ,n/a ,n/a ,n/a ,n/a ,n/a ,
K2 ,37,B ,YO7 ,2,4,n/a ,n/a ,n/a ,n/a ,n/a ,n/a ,n/a ,n/a ,n/a ,n/a ,n/a ,
K2 ,38,A ,TM2 ,2,3,X ,,,,,,,,,,,no plant 
K2 ,38,B ,LV1 ,6,5,n/a ,n/a ,n/a ,n/a ,n/a ,n/a ,n/a ,n/a ,n/a ,n/a ,n/a ,
K2 ,39,A ,LV1 ,7,10,n/a ,n/a ,n/a ,n/a ,n/a ,n/a ,n/a ,n/a ,n/a ,n/a ,n/a ,
K2 ,39,B ,LVTR1 ,7,12,X,,,,,- ,,,,,,no plant 
K2 ,40,A ,WV ,1,8,n/a ,n/a ,n/a ,n/a ,n/a ,n/a ,n/a ,n/a ,n/a ,n/a ,n/a ,
K2 ,40,B ,WL2 ,5,10,n/a ,n/a ,n/a ,n/a ,n/a ,n/a ,n/a ,n/a ,n/a ,n/a ,n/a ,
K2 ,41,A ,SQ3 ,1,13,n/a ,n/a ,n/a ,n/a ,n/a ,n/a ,n/a ,n/a ,n/a ,n/a ,n/a ,
K2 ,41,B ,YO11 ,2,5,n/a ,n/a ,n/a ,n/a ,n/a ,n/a ,n/a ,n/a ,n/a ,n/a ,n/a ,
K2 ,42,A ,CP2 ,4,1,n/a ,n/a ,n/a ,n/a ,n/a ,n/a ,n/a ,n/a ,n/a ,n/a ,n/a ,
K2 ,42,B ,CP3 ,3,2,n/a ,n/a ,n/a ,n/a ,n/a ,n/a ,n/a ,n/a ,n/a ,n/a ,n/a ,
K2 ,43,A ,WL2 ,7,2,n/a ,n/a ,n/a ,n/a ,n/a ,n/a ,n/a ,n/a ,n/a ,n/a ,n/a ,
K2 ,43,B ,YO11 ,6,8,n/a ,n/a ,n/a ,n/a ,n/a ,n/a ,n/a ,n/a ,n/a ,n/a ,n/a ,
K2 ,44,A ,CC ,7,6,n/a ,n/a ,n/a ,n/a ,n/a ,n/a ,n/a ,n/a ,n/a ,n/a ,n/a ,
K2 ,44,B ,WV ,6,10,n/a ,n/a ,n/a ,n/a ,n/a ,n/a ,n/a ,n/a ,n/a ,n/a ,n/a ,
K1 ,1,C ,WV ,5,7,n/a ,n/a ,n/a ,n/a ,n/a ,n/a ,n/a ,n/a ,n/a ,n/a ,n/a ,
K1 ,1,D ,IH ,2,1,n/a ,n/a ,n/a ,n/a ,n/a ,n/a ,n/a ,n/a ,n/a ,n/a ,n/a ,
K1 ,2,C ,SQ3 ,7,10,n/a ,n/a ,n/a ,n/a ,n/a ,n/a ,n/a ,n/a ,n/a ,n/a ,n/a ,
K1 ,2,D ,YO7 ,6,9,n/a ,n/a ,n/a ,n/a ,n/a ,n/a ,n/a ,n/a ,n/a ,n/a ,n/a ,
K1 ,3,C ,LVTR1 ,4,9,X ,,,,,D ,,,,,,
K1 ,3,D ,IH ,5,9,n/a ,n/a ,n/a ,n/a ,n/a ,n/a ,n/a ,n/a ,n/a ,n/a ,n/a ,
K1 ,4,C ,LV3 ,6,11,n/a ,n/a ,n/a ,n/a ,n/a ,n/a ,n/a ,n/a ,n/a ,n/a ,n/a ,
K1 ,4,D ,SC ,3,11,n/a ,n/a ,n/a ,n/a ,n/a ,n/a ,n/a ,n/a ,n/a ,n/a ,n/a ,
K1 ,5,C ,SQ2 ,2,9,n/a ,n/a ,n/a ,n/a ,n/a ,n/a ,n/a ,n/a ,n/a ,n/a ,n/a ,
K1 ,5,D ,YO4 ,1,4,n/a ,n/a ,n/a ,n/a ,n/a ,n/a ,n/a ,n/a ,n/a ,n/a ,n/a ,
K1 ,6,C ,YO7 ,3,10,V ,,12.7,6,Y ,N ,2.9,,,,0,bushy 
K1 ,6,D ,CC ,1,13,n/a ,n/a ,n/a ,n/a ,n/a ,n/a ,n/a ,n/a ,n/a ,n/a ,n/a ,
K1 ,7,C ,WR ,1,10,n/a ,n/a ,n/a ,n/a ,n/a ,n/a ,n/a ,n/a ,n/a ,n/a ,n/a ,
K1 ,7,D ,FR ,7,2,n/a ,n/a ,n/a ,n/a ,n/a ,n/a ,n/a ,n/a ,n/a ,n/a ,n/a ,
K1 ,8,C ,CP3 ,4,5,n/a ,n/a ,n/a ,n/a ,n/a ,n/a ,n/a ,n/a ,n/a ,n/a ,n/a ,
K1 ,8,D ,SC ,7,5,n/a ,n/a ,n/a ,n/a ,n/a ,n/a ,n/a ,n/a ,n/a ,n/a ,n/a ,
K1 ,9,C ,CP2 ,5,9,X ,,,,,,,,,,,no plant 
K1 ,9,D ,WL2 ,3,2,V ,8.46,7.6,6,Y ,SW ,2.7,,,,0,
K1 ,10,C ,YO4 ,2,9,n/a ,n/a ,n/a ,n/a ,n/a ,n/a ,n/a ,n/a ,n/a ,n/a ,n/a ,
K1 ,10,D ,YO4 ,5,5,n/a ,n/a ,n/a ,n/a ,n/a ,n/a ,n/a ,n/a ,n/a ,n/a ,n/a ,
K1 ,11,C ,YO8 ,1,2,V ,,17.6,4,Y ,N ,4.8,,,,0,bushy 
K1 ,11,D ,WR ,3,4,n/a ,n/a ,n/a ,n/a ,n/a ,n/a ,n/a ,n/a ,n/a ,n/a ,n/a ,
K1 ,12,C ,DPR ,6,5,n/a ,n/a ,n/a ,n/a ,n/a ,n/a ,n/a ,n/a ,n/a ,n/a ,n/a ,
K1 ,12,D ,DPR ,3,2,n/a ,n/a ,n/a ,n/a ,n/a ,n/a ,n/a ,n/a ,n/a ,n/a ,n/a ,
K1 ,13,C ,SQ1 ,2,12,n/a ,n/a ,n/a ,n/a ,n/a ,n/a ,n/a ,n/a ,n/a ,n/a ,n/a ,
K1 ,13,D ,SQ2 ,1,4,X ,,,,,,,,,,,no plant 
K1 ,14,C ,TM2 ,5,2,n/a ,n/a ,n/a ,n/a ,n/a ,n/a ,n/a ,n/a ,n/a ,n/a ,n/a ,
K1 ,14,D ,SQ3 ,5,1,n/a ,n/a ,n/a ,n/a ,n/a ,n/a ,n/a ,n/a ,n/a ,n/a ,n/a ,
K1 ,15,C ,LV3 ,4,3,n/a ,n/a ,n/a ,n/a ,n/a ,n/a ,n/a ,n/a ,n/a ,n/a ,n/a ,
K1 ,15,D ,LV1 ,4,2,n/a ,n/a ,n/a ,n/a ,n/a ,n/a ,n/a ,n/a ,n/a ,n/a ,n/a ,
K1 ,16,C ,SQ3 ,5,5,n/a ,n/a ,n/a ,n/a ,n/a ,n/a ,n/a ,n/a ,n/a ,n/a ,n/a ,
K1 ,16,D ,LV3 ,2,9,n/a ,n/a ,n/a ,n/a ,n/a ,n/a ,n/a ,n/a ,n/a ,n/a ,n/a ,
K1 ,17,C ,WL1 ,5,6,n/a ,n/a ,n/a ,n/a ,n/a ,n/a ,n/a ,n/a ,n/a ,n/a ,n/a ,
K1 ,17,D ,IH ,6,2,n/a ,n/a ,n/a ,n/a ,n/a ,n/a ,n/a ,n/a ,n/a ,n/a ,n/a ,
K1 ,18,C ,TM2 ,2,11,n/a ,n/a ,n/a ,n/a ,n/a ,n/a ,n/a ,n/a ,n/a ,n/a ,n/a ,
K1 ,18,D ,LV1 ,6,10,n/a ,n/a ,n/a ,n/a ,n/a ,n/a ,n/a ,n/a ,n/a ,n/a ,n/a ,
K1 ,19,C ,LVTR1 ,4,13,X ,,,,,,,,,,,no plant 
K1 ,19,D ,CP2 ,6,2,n/a ,n/a ,n/a ,n/a ,n/a ,n/a ,n/a ,n/a ,n/a ,n/a ,n/a ,
K1 ,20,C ,YO4 ,5,9,n/a ,n/a ,n/a ,n/a ,n/a ,n/a ,n/a ,n/a ,n/a ,n/a ,n/a ,
K1 ,20,D ,CP3 ,2,1,n/a ,n/a ,n/a ,n/a ,n/a ,n/a ,n/a ,n/a ,n/a ,n/a ,n/a ,
K1 ,21,C ,DPR ,1,8,n/a ,n/a ,n/a ,n/a ,n/a ,n/a ,n/a ,n/a ,n/a ,n/a ,n/a ,
K1 ,21,D ,WR ,3,9,n/a ,n/a ,n/a ,n/a ,n/a ,n/a ,n/a ,n/a ,n/a ,n/a ,n/a ,
K1 ,22,C ,FR ,6,9,n/a ,n/a ,n/a ,n/a ,n/a ,n/a ,n/a ,n/a ,n/a ,n/a ,n/a ,
K1 ,22,D ,YO8 ,2,12,n/a ,n/a ,n/a ,n/a ,n/a ,n/a ,n/a ,n/a ,n/a ,n/a ,n/a ,
K2 ,23,C ,FR ,7,6,n/a ,n/a ,n/a ,n/a ,n/a ,n/a ,n/a ,n/a ,n/a ,n/a ,n/a ,
K2 ,23,D ,CP3 ,4,9,n/a ,n/a ,n/a ,n/a ,n/a ,n/a ,n/a ,n/a ,n/a ,n/a ,n/a ,
K2 ,24,C ,CC ,7,11,n/a ,n/a ,n/a ,n/a ,n/a ,n/a ,n/a ,n/a ,n/a ,n/a ,n/a ,
K2 ,24,D ,SC ,2,10,n/a ,n/a ,n/a ,n/a ,n/a ,n/a ,n/a ,n/a ,n/a ,n/a ,n/a ,
K2 ,25,C ,SQ3 ,2,4,n/a ,n/a ,n/a ,n/a ,n/a ,n/a ,n/a ,n/a ,n/a ,n/a ,n/a ,
K2 ,25,D ,YO4 ,1,8,n/a ,n/a ,n/a ,n/a ,n/a ,n/a ,n/a ,n/a ,n/a ,n/a ,n/a ,
K2 ,26,C ,CP3 ,7,5,X ,,,,,D ,,,,,,
K2 ,26,D ,YO11 ,5,6,X ,,,,,,,,,,,no Plant 
K2 ,27,C ,WL2 ,6,3,n/a ,n/a ,n/a ,n/a ,n/a ,n/a ,n/a ,n/a ,n/a ,n/a ,n/a ,
K2 ,27,D ,YO8 ,5,8,X,,,,,,,,,,,no plant 
K2 ,28,C ,YO4 ,6,13,n/a ,n/a ,n/a ,n/a ,n/a ,n/a ,n/a ,n/a ,n/a ,n/a ,n/a ,
K2 ,28,D ,YO4 ,2,13,n/a ,n/a ,n/a ,n/a ,n/a ,n/a ,n/a ,n/a ,n/a ,n/a ,n/a ,
K2 ,29,C ,DPR ,6,7,n/a ,n/a ,n/a ,n/a ,n/a ,n/a ,n/a ,n/a ,n/a ,n/a ,n/a ,
K2 ,29,D ,SQ2 ,5,12,n/a ,n/a ,n/a ,n/a ,n/a ,n/a ,n/a ,n/a ,n/a ,n/a ,n/a ,
K2 ,30,C ,FR ,3,10,n/a ,n/a ,n/a ,n/a ,n/a ,n/a ,n/a ,n/a ,n/a ,n/a ,n/a ,
K2 ,30,D ,WV ,1,12,n/a ,n/a ,n/a ,n/a ,n/a ,n/a ,n/a ,n/a ,n/a ,n/a ,n/a ,
K2 ,31,C ,CP2 ,2,6,n/a ,n/a ,n/a ,n/a ,n/a ,n/a ,n/a ,n/a ,n/a ,n/a ,n/a ,
K2 ,31,D ,SQ3 ,6,8,n/a ,n/a ,n/a ,n/a ,n/a ,n/a ,n/a ,n/a ,n/a ,n/a ,n/a ,
K2 ,32,C ,CP2 ,4,7,n/a ,n/a ,n/a ,n/a ,n/a ,n/a ,n/a ,n/a ,n/a ,n/a ,n/a ,
K2 ,32,D ,WL2 ,7,7,n/a ,n/a ,n/a ,n/a ,n/a ,n/a ,n/a ,n/a ,n/a ,n/a ,n/a ,
K2 ,33,C ,BH ,1,11,n/a ,n/a ,n/a ,n/a ,n/a ,n/a ,n/a ,n/a ,n/a ,n/a ,n/a ,
K2 ,33,D ,SC ,7,9,n/a ,n/a ,n/a ,n/a ,n/a ,n/a ,n/a ,n/a ,n/a ,n/a ,n/a ,
K2 ,34,C ,LVTR1 ,2,4,n/a ,n/a ,n/a ,n/a ,n/a ,n/a ,n/a ,n/a ,n/a ,n/a ,n/a ,
K2 ,34,D ,LV3 ,3,13,X ,,,,,,,,,,,no plant 
K2 ,35,C ,YO8 ,4,5,n/a ,n/a ,n/a ,n/a ,n/a ,n/a ,n/a ,n/a ,n/a ,n/a ,n/a ,
K2 ,35,D ,SQ1 ,6,3,n/a ,n/a ,n/a ,n/a ,n/a ,n/a ,n/a ,n/a ,n/a ,n/a ,n/a ,
K2 ,36,C ,SQ1 ,4,9,n/a ,n/a ,n/a ,n/a ,n/a ,n/a ,n/a ,n/a ,n/a ,n/a ,n/a ,
K2 ,36,D ,YO11 ,2,9,n/a ,n/a ,n/a ,n/a ,n/a ,n/a ,n/a ,n/a ,n/a ,n/a ,n/a ,
K2 ,37,C ,YO11 ,3,9,n/a ,n/a ,n/a ,n/a ,n/a ,n/a ,n/a ,n/a ,n/a ,n/a ,n/a ,
K2 ,37,D ,BH ,1,4,n/a ,n/a ,n/a ,n/a ,n/a ,n/a ,n/a ,n/a ,n/a ,n/a ,n/a ,
K2 ,38,C ,YO4 ,3,12,n/a ,n/a ,n/a ,n/a ,n/a ,n/a ,n/a ,n/a ,n/a ,n/a ,n/a ,
K2 ,38,D ,YO4 ,7,12,n/a ,n/a ,n/a ,n/a ,n/a ,n/a ,n/a ,n/a ,n/a ,n/a ,n/a ,
K2 ,39,C ,DPR ,4,6,n/a ,n/a ,n/a ,n/a ,n/a ,n/a ,n/a ,n/a ,n/a ,n/a ,n/a ,
K2 ,39,D ,YO4 ,6,9,n/a ,n/a ,n/a ,n/a ,n/a ,n/a ,n/a ,n/a ,n/a ,n/a ,n/a ,
K2 ,40,C ,CP3 ,5,8,n/a ,n/a ,n/a ,n/a ,n/a ,n/a ,n/a ,n/a ,n/a ,n/a ,n/a ,
K2 ,40,D ,CP2 ,1,13,n/a ,n/a ,n/a ,n/a ,n/a ,n/a ,n/a ,n/a ,n/a ,n/a ,n/a ,
K2 ,41,C ,YO8 ,4,1,n/a ,n/a ,n/a ,n/a ,n/a ,n/a ,n/a ,n/a ,n/a ,n/a ,n/a ,
K2 ,41,D ,CP2 ,7,3,n/a ,n/a ,n/a ,n/a ,n/a ,n/a ,n/a ,n/a ,n/a ,n/a ,n/a ,
K2 ,42,C ,CC ,3,4,n/a ,n/a ,n/a ,n/a ,n/a ,n/a ,n/a ,n/a ,n/a ,n/a ,n/a ,
K2 ,42,D ,IH ,3,6,n/a ,n/a ,n/a ,n/a ,n/a ,n/a ,n/a ,n/a ,n/a ,n/a ,n/a ,
K2 ,43,C ,LV3 ,3,9,n/a ,n/a ,n/a ,n/a ,n/a ,n/a ,n/a ,n/a ,n/a ,n/a ,n/a ,
K2 ,43,D ,SQ2 ,5,8,n/a ,n/a ,n/a ,n/a ,n/a ,n/a ,n/a ,n/a ,n/a ,n/a ,n/a ,
K2 ,44,C ,LVTR1 ,6,1,n/a ,n/a ,n/a ,n/a ,n/a ,n/a ,n/a ,n/a ,n/a ,n/a ,n/a ,
K2 ,44,D ,YO11 ,5,2,n/a ,n/a ,n/a ,n/a ,n/a ,n/a ,n/a ,n/a ,n/a ,n/a ,n/a ,
M1 ,1,A ,YO11 ,4,7,n/a ,n/a ,n/a ,n/a ,n/a ,n/a ,n/a ,n/a ,n/a ,n/a ,n/a ,
M1 ,1,B ,SQ1 ,1,10,n/a ,n/a ,n/a ,n/a ,n/a ,n/a ,n/a ,n/a ,n/a ,n/a ,n/a ,
M1 ,2,A ,YO7 ,3,3,n/a ,n/a ,n/a ,n/a ,n/a ,n/a ,n/a ,n/a ,n/a ,n/a ,n/a ,
M1 ,2,B ,WL2 ,4,7,n/a ,n/a ,n/a ,n/a ,n/a ,n/a ,n/a ,n/a ,n/a ,n/a ,n/a ,
M1 ,3,A ,CC ,6,7,n/a ,n/a ,n/a ,n/a ,n/a ,n/a ,n/a ,n/a ,n/a ,n/a ,n/a ,
M1 ,3,B ,FR ,4,4,n/a ,n/a ,n/a ,n/a ,n/a ,n/a ,n/a ,n/a ,n/a ,n/a ,n/a ,
M1 ,4,A ,LV1 ,4,8,X ,,,,,,,,,,,no plant 
M1 ,4,B ,CP3 ,7,10,X ,,,,,,,,,,,no plant 
M1 ,5,A ,DPR ,5,7,n/a ,n/a ,n/a ,n/a ,n/a ,n/a ,n/a ,n/a ,n/a ,n/a ,n/a ,
M1 ,5,B ,LV3 ,5,7,n/a ,n/a ,n/a ,n/a ,n/a ,n/a ,n/a ,n/a ,n/a ,n/a ,n/a ,
M1 ,6,A ,YO4 ,4,11,V ,13.02,22.9,8,Y ,N ,3.4,,,,0,
M1 ,6,B ,YO11 ,3,1,n/a ,n/a ,n/a ,n/a ,n/a ,n/a ,n/a ,n/a ,n/a ,n/a ,n/a ,
M1 ,7,A ,SC ,1,10,n/a ,n/a ,n/a ,n/a ,n/a ,n/a ,n/a ,n/a ,n/a ,n/a ,n/a ,
M1 ,7,B ,WV ,3,8,n/a ,n/a ,n/a ,n/a ,n/a ,n/a ,n/a ,n/a ,n/a ,n/a ,n/a ,
M1 ,8,A ,LVTR1 ,5,5,X ,,,,,,,,,,,no plant 
M1 ,8,B ,TM2 ,6,9,n/a ,n/a ,n/a ,n/a ,n/a ,n/a ,n/a ,n/a ,n/a ,n/a ,n/a ,
M1 ,9,A ,YO11 ,7,8,X ,,,,,,,,,,,no plant 
M1 ,9,B ,LV1 ,5,11,n/a ,n/a ,n/a ,n/a ,n/a ,n/a ,n/a ,n/a ,n/a ,n/a ,n/a ,
M1 ,10,A ,YO7 ,7,6,n/a ,n/a ,n/a ,n/a ,n/a ,n/a ,n/a ,n/a ,n/a ,n/a ,n/a ,
M1 ,10,B ,WL2 ,6,8,n/a ,n/a ,n/a ,n/a ,n/a ,n/a ,n/a ,n/a ,n/a ,n/a ,n/a ,
M1 ,11,A ,IH ,2,11,n/a ,n/a ,n/a ,n/a ,n/a ,n/a ,n/a ,n/a ,n/a ,n/a ,n/a ,
M1 ,11,B ,CP2 ,4,12,n/a ,n/a ,n/a ,n/a ,n/a ,n/a ,n/a ,n/a ,n/a ,n/a ,n/a ,
M1 ,12,A ,FR ,5,12,n/a ,n/a ,n/a ,n/a ,n/a ,n/a ,n/a ,n/a ,n/a ,n/a ,n/a ,
M1 ,12,B ,SQ3 ,5,10,n/a ,n/a ,n/a ,n/a ,n/a ,n/a ,n/a ,n/a ,n/a ,n/a ,n/a ,
M1 ,13,A ,SQ1 ,5,2,n/a ,n/a ,n/a ,n/a ,n/a ,n/a ,n/a ,n/a ,n/a ,n/a ,n/a ,
M1 ,13,B ,LV3 ,4,11,X ,,,,,D ,,,,,,
M1 ,14,A ,WV ,7,6,n/a ,n/a ,n/a ,n/a ,n/a ,n/a ,n/a ,n/a ,n/a ,n/a ,n/a ,
M1 ,14,B ,SQ3 ,1,6,X,,,,,,,,,,,
M1 ,15,A ,LV1 ,3,3,V ,4.99,6.6,2,Y ,SW ,3.8,,,,0,
M1 ,15,B ,WV ,6,3,X ,,,,,,,,,,,no plant 
M1 ,16,A ,YO4 ,7,5,X ,,,,,D ,,,,,,
M1 ,16,B ,WV ,1,1,n/a ,n/a ,n/a ,n/a ,n/a ,n/a ,n/a ,n/a ,n/a ,n/a ,n/a ,
M1 ,17,A ,LVTR1 ,2,10,n/a ,n/a ,n/a ,n/a ,n/a ,n/a ,n/a ,n/a ,n/a ,n/a ,n/a ,
M1 ,17,B ,LV1 ,7,3,X ,,,,,,,,,,,no plant 
M1 ,18,A ,YO4 ,6,2,n/a ,n/a ,n/a ,n/a ,n/a ,n/a ,n/a ,n/a ,n/a ,n/a ,n/a ,
M1 ,18,B ,TM2 ,3,7,n/a ,n/a ,n/a ,n/a ,n/a ,n/a ,n/a ,n/a ,n/a ,n/a ,n/a ,
M1 ,19,A ,WL1 ,5,13,n/a ,n/a ,n/a ,n/a ,n/a ,n/a ,n/a ,n/a ,n/a ,n/a ,n/a ,
M1 ,19,B ,SQ3 ,4,5,n/a ,n/a ,n/a ,n/a ,n/a ,n/a ,n/a ,n/a ,n/a ,n/a ,n/a ,
M1 ,20,A ,IH ,5,2,X ,,,,,,,,,,,no plant 
M1 ,20,B ,SQ3 ,7,2,n/a ,n/a ,n/a ,n/a ,n/a ,n/a ,n/a ,n/a ,n/a ,n/a ,n/a ,
M1 ,21,A ,SQ3 ,2,14,n/a ,n/a ,n/a ,n/a ,n/a ,n/a ,n/a ,n/a ,n/a ,n/a ,n/a ,
M1 ,21,B ,WV ,4,13,X ,,,,,,,,,,,no plant 
M1 ,22,A ,YO8 ,4,10,n/a ,n/a ,n/a ,n/a ,n/a ,n/a ,n/a ,n/a ,n/a ,n/a ,n/a ,
M1 ,22,B ,LVTR1 ,4,2,n/a ,n/a ,n/a ,n/a ,n/a ,n/a ,n/a ,n/a ,n/a ,n/a ,n/a ,
M2 ,23,A ,FR ,7,4,n/a ,n/a ,n/a ,n/a ,n/a ,n/a ,n/a ,n/a ,n/a ,n/a ,n/a ,
M2 ,23,B ,SQ3 ,7,12,V ,,12.2,6,Y ,N ,5.6,,,,0,bushy 
M2 ,24,A ,SQ3 ,5,3,n/a ,n/a ,n/a ,n/a ,n/a ,n/a ,n/a ,n/a ,n/a ,n/a ,n/a ,
M2 ,24,B ,TM2 ,5,4,n/a ,n/a ,n/a ,n/a ,n/a ,n/a ,n/a ,n/a ,n/a ,n/a ,n/a ,
M2 ,25,A ,SQ2 ,2,11,n/a ,n/a ,n/a ,n/a ,n/a ,n/a ,n/a ,n/a ,n/a ,n/a ,n/a ,
M2 ,25,B ,SQ3 ,3,9,n/a ,n/a ,n/a ,n/a ,n/a ,n/a ,n/a ,n/a ,n/a ,n/a ,n/a ,
M2 ,26,A ,SQ1 ,4,7,n/a ,n/a ,n/a ,n/a ,n/a ,n/a ,n/a ,n/a ,n/a ,n/a ,n/a ,
M2 ,26,B ,CC ,5,4,n/a ,n/a ,n/a ,n/a ,n/a ,n/a ,n/a ,n/a ,n/a ,n/a ,n/a ,
M2 ,27,A ,WV ,3,1,n/a ,n/a ,n/a ,n/a ,n/a ,n/a ,n/a ,n/a ,n/a ,n/a ,n/a ,
M2 ,27,B ,YO4 ,5,7,n/a ,n/a ,n/a ,n/a ,n/a ,n/a ,n/a ,n/a ,n/a ,n/a ,n/a ,
M2 ,28,A ,SQ1 ,5,12,X ,,,,,,,,,,,no plant 
M2 ,28,B ,YO7 ,2,6,n/a ,n/a ,n/a ,n/a ,n/a ,n/a ,n/a ,n/a ,n/a ,n/a ,n/a ,
M2 ,29,A ,SC ,7,7,n/a ,n/a ,n/a ,n/a ,n/a ,n/a ,n/a ,n/a ,n/a ,n/a ,n/a ,
M2 ,29,B ,YO4 ,4,1,X ,,,,,,,,,,,no plant 
M2 ,30,A ,CP2 ,5,12,n/a ,n/a ,n/a ,n/a ,n/a ,n/a ,n/a ,n/a ,n/a ,n/a ,n/a ,
M2 ,30,B ,SC ,2,8,n/a ,n/a ,n/a ,n/a ,n/a ,n/a ,n/a ,n/a ,n/a ,n/a ,n/a ,
M2 ,31,A ,LVTR1 ,2,2,n/a ,n/a ,n/a ,n/a ,n/a ,n/a ,n/a ,n/a ,n/a ,n/a ,n/a ,
M2 ,31,B ,SQ2 ,1,6,n/a ,n/a ,n/a ,n/a ,n/a ,n/a ,n/a ,n/a ,n/a ,n/a ,n/a ,
M2 ,32,A ,LV1 ,1,6,n/a ,n/a ,n/a ,n/a ,n/a ,n/a ,n/a ,n/a ,n/a ,n/a ,n/a ,
M2 ,32,B ,YO8 ,5,6,X ,,,,,,,,,,,no plant 
M2 ,33,A ,WV ,5,9,n/a ,n/a ,n/a ,n/a ,n/a ,n/a ,n/a ,n/a ,n/a ,n/a ,n/a ,
M2 ,33,B ,FR ,2,6,n/a ,n/a ,n/a ,n/a ,n/a ,n/a ,n/a ,n/a ,n/a ,n/a ,n/a ,
M2 ,34,A ,YO8 ,6,10,n/a ,n/a ,n/a ,n/a ,n/a ,n/a ,n/a ,n/a ,n/a ,n/a ,n/a ,
M2 ,34,B ,SQ2 ,7,12,n/a ,n/a ,n/a ,n/a ,n/a ,n/a ,n/a ,n/a ,n/a ,n/a ,n/a ,
M2 ,35,A ,YO7 ,3,12,X ,,,,,,,,,,,no plant 
M2 ,35,B ,YO8 ,4,3,X ,,,,,,,,,,,no plant 
M2 ,36,A ,FR ,3,8,n/a ,n/a ,n/a ,n/a ,n/a ,n/a ,n/a ,n/a ,n/a ,n/a ,n/a ,
M2 ,36,B ,WR ,1,13,n/a ,n/a ,n/a ,n/a ,n/a ,n/a ,n/a ,n/a ,n/a ,n/a ,n/a ,
M2 ,37,A ,LV3 ,3,11,X ,,,,,,,,,,,no plant 
M2 ,37,B ,YO8 ,2,9,n/a ,n/a ,n/a ,n/a ,n/a ,n/a ,n/a ,n/a ,n/a ,n/a ,n/a ,
M2 ,38,A ,WL1 ,5,4,n/a ,n/a ,n/a ,n/a ,n/a ,n/a ,n/a ,n/a ,n/a ,n/a ,n/a ,
M2 ,38,B ,SQ3 ,6,6,n/a ,n/a ,n/a ,n/a ,n/a ,n/a ,n/a ,n/a ,n/a ,n/a ,n/a ,
M2 ,39,A ,YO7 ,1,1,n/a ,n/a ,n/a ,n/a ,n/a ,n/a ,n/a ,n/a ,n/a ,n/a ,n/a ,
M2 ,39,B ,CP3 ,4,7,n/a ,n/a ,n/a ,n/a ,n/a ,n/a ,n/a ,n/a ,n/a ,n/a ,n/a ,
M2 ,40,A ,WL2 ,7,5,n/a ,n/a ,n/a ,n/a ,n/a ,n/a ,n/a ,n/a ,n/a ,n/a ,n/a ,
M2 ,40,B ,WL2 ,6,1,n/a ,n/a ,n/a ,n/a ,n/a ,n/a ,n/a ,n/a ,n/a ,n/a ,n/a ,
M2 ,41,A ,SQ1 ,3,1,n/a ,n/a ,n/a ,n/a ,n/a ,n/a ,n/a ,n/a ,n/a ,n/a ,n/a ,
M2 ,41,B ,IH ,3,8,n/a ,n/a ,n/a ,n/a ,n/a ,n/a ,n/a ,n/a ,n/a ,n/a ,n/a ,
M2 ,42,A ,LVTR1 ,4,11,n/a ,n/a ,n/a ,n/a ,n/a ,n/a ,n/a ,n/a ,n/a ,n/a ,n/a ,
M2 ,42,B ,CC ,4,11,n/a ,n/a ,n/a ,n/a ,n/a ,n/a ,n/a ,n/a ,n/a ,n/a ,n/a ,
M2 ,43,A ,CP2 ,7,5,n/a ,n/a ,n/a ,n/a ,n/a ,n/a ,n/a ,n/a ,n/a ,n/a ,n/a ,
M2 ,43,B ,WV ,1,10,n/a ,n/a ,n/a ,n/a ,n/a ,n/a ,n/a ,n/a ,n/a ,n/a ,n/a ,
M2 ,44,A ,SC ,3,13,n/a ,n/a ,n/a ,n/a ,n/a ,n/a ,n/a ,n/a ,n/a ,n/a ,n/a ,
M2 ,44,B ,DPR ,3,4,X ,,,,,,,,,,,no plant 
M1 ,1,C ,CP2 ,1,5,n/a ,n/a ,n/a ,n/a ,n/a ,n/a ,n/a ,n/a ,n/a ,n/a ,n/a ,
M1 ,1,D ,LVTR1 ,7,3,n/a ,n/a ,n/a ,n/a ,n/a ,n/a ,n/a ,n/a ,n/a ,n/a ,n/a ,
M1 ,2,C ,CP3 ,2,8,n/a ,n/a ,n/a ,n/a ,n/a ,n/a ,n/a ,n/a ,n/a ,n/a ,n/a ,
M1 ,2,D ,SQ2 ,2,2,n/a ,n/a ,n/a ,n/a ,n/a ,n/a ,n/a ,n/a ,n/a ,n/a ,n/a ,
M1 ,3,C ,CC ,3,1,n/a ,n/a ,n/a ,n/a ,n/a ,n/a ,n/a ,n/a ,n/a ,n/a ,n/a ,
M1 ,3,D ,CP2 ,2,12,n/a ,n/a ,n/a ,n/a ,n/a ,n/a ,n/a ,n/a ,n/a ,n/a ,n/a ,
M1 ,4,C ,LV1 ,1,13,n/a ,n/a ,n/a ,n/a ,n/a ,n/a ,n/a ,n/a ,n/a ,n/a ,n/a ,
M1 ,4,D ,YO4 ,2,1,n/a ,n/a ,n/a ,n/a ,n/a ,n/a ,n/a ,n/a ,n/a ,n/a ,n/a ,
M1 ,5,C ,DPR ,7,5,n/a ,n/a ,n/a ,n/a ,n/a ,n/a ,n/a ,n/a ,n/a ,n/a ,n/a ,
M1 ,5,D ,CP3 ,5,1,n/a ,n/a ,n/a ,n/a ,n/a ,n/a ,n/a ,n/a ,n/a ,n/a ,n/a ,
M1 ,6,C ,WL2 ,7,12,V ,7.84,17.4,3,Y ,N ,4.1,,,,0,
M1 ,6,D ,DPR ,1,13,n/a ,n/a ,n/a ,n/a ,n/a ,n/a ,n/a ,n/a ,n/a ,n/a ,n/a ,
M1 ,7,C ,YO4 ,3,5,n/a ,n/a ,n/a ,n/a ,n/a ,n/a ,n/a ,n/a ,n/a ,n/a ,n/a ,
M1 ,7,D ,SQ2 ,3,5,n/a ,n/a ,n/a ,n/a ,n/a ,n/a ,n/a ,n/a ,n/a ,n/a ,n/a ,
M1 ,8,C ,YO7 ,1,8,V ,,6.3,6,Y ,N ,1.7,,,,0,bushy 
M1 ,8,D ,IH ,6,8,n/a ,n/a ,n/a ,n/a ,n/a ,n/a ,n/a ,n/a ,n/a ,n/a ,n/a ,
M1 ,9,C ,YO11 ,1,9,n/a ,n/a ,n/a ,n/a ,n/a ,n/a ,n/a ,n/a ,n/a ,n/a ,n/a ,
M1 ,9,D ,SQ2 ,7,1,n/a ,n/a ,n/a ,n/a ,n/a ,n/a ,n/a ,n/a ,n/a ,n/a ,n/a ,
M1 ,10,C ,TM2 ,4,5,n/a ,n/a ,n/a ,n/a ,n/a ,n/a ,n/a ,n/a ,n/a ,n/a ,n/a ,
M1 ,10,D ,CP2 ,6,8,n/a ,n/a ,n/a ,n/a ,n/a ,n/a ,n/a ,n/a ,n/a ,n/a ,n/a ,
M1 ,11,C ,WR ,2,10,n/a ,n/a ,n/a ,n/a ,n/a ,n/a ,n/a ,n/a ,n/a ,n/a ,n/a ,
M1 ,11,D ,IH ,1,8,n/a ,n/a ,n/a ,n/a ,n/a ,n/a ,n/a ,n/a ,n/a ,n/a ,n/a ,
M1 ,12,C ,YO7 ,4,9,X ,,,,,D ,,,,,,
M1 ,12,D ,WV ,2,4,n/a ,n/a ,n/a ,n/a ,n/a ,n/a ,n/a ,n/a ,n/a ,n/a ,n/a ,
M1 ,13,C ,SQ2 ,4,11,V ,5.9,3.9,7,Y ,W ,2.6,,,,0,
M1 ,13,D ,WL2 ,2,8,n/a ,n/a ,n/a ,n/a ,n/a ,n/a ,n/a ,n/a ,n/a ,n/a ,n/a ,
M1 ,14,C ,FR ,1,7,n/a ,n/a ,n/a ,n/a ,n/a ,n/a ,n/a ,n/a ,n/a ,n/a ,n/a ,
M1 ,14,D ,CP3 ,6,5,V,7,10.2,,Y,N,4.7,n/a ,,,0,bushy 
M1 ,15,C ,DPR ,3,12,n/a ,n/a ,n/a ,n/a ,n/a ,n/a ,n/a ,n/a ,n/a ,n/a ,n/a ,
M1 ,15,D ,SC ,3,4,n/a ,n/a ,n/a ,n/a ,n/a ,n/a ,n/a ,n/a ,n/a ,n/a ,n/a ,
M1 ,16,C ,YO8 ,3,4,n/a ,n/a ,n/a ,n/a ,n/a ,n/a ,n/a ,n/a ,n/a ,n/a ,n/a ,
M1 ,16,D ,LVTR1 ,1,4,X ,,,,,D ,,,,,,
M1 ,17,C ,YO11 ,5,11,X ,,,,,,,,,,,no plant 
M1 ,17,D ,SQ3 ,2,9,X ,,,,,,,,,,,no plant 
M1 ,18,C ,YO8 ,5,13,n/a ,n/a ,n/a ,n/a ,n/a ,n/a ,n/a ,n/a ,n/a ,n/a ,n/a ,
M1 ,18,D ,SQ1 ,6,10,n/a ,n/a ,n/a ,n/a ,n/a ,n/a ,n/a ,n/a ,n/a ,n/a ,n/a ,
M1 ,19,C ,SC ,6,9,n/a ,n/a ,n/a ,n/a ,n/a ,n/a ,n/a ,n/a ,n/a ,n/a ,n/a ,
M1 ,19,D ,CP3 ,1,2,n/a ,n/a ,n/a ,n/a ,n/a ,n/a ,n/a ,n/a ,n/a ,n/a ,n/a ,
M1 ,20,C ,CP3 ,3,11,n/a ,n/a ,n/a ,n/a ,n/a ,n/a ,n/a ,n/a ,n/a ,n/a ,n/a ,
M1 ,20,D ,YO8 ,1,12,n/a ,n/a ,n/a ,n/a ,n/a ,n/a ,n/a ,n/a ,n/a ,n/a ,n/a ,
M1 ,21,C ,SQ1 ,3,9,n/a ,n/a ,n/a ,n/a ,n/a ,n/a ,n/a ,n/a ,n/a ,n/a ,n/a ,
M1 ,21,D ,TM2 ,7,13,n/a ,n/a ,n/a ,n/a ,n/a ,n/a ,n/a ,n/a ,n/a ,n/a ,n/a ,
M1 ,22,C ,CC ,1,3,n/a ,n/a ,n/a ,n/a ,n/a ,n/a ,n/a ,n/a ,n/a ,n/a ,n/a ,
M1 ,22,D ,YO7 ,6,2,n/a ,n/a ,n/a ,n/a ,n/a ,n/a ,n/a ,n/a ,n/a ,n/a ,n/a ,
M2 ,23,C ,YO11 ,6,11,n/a ,n/a ,n/a ,n/a ,n/a ,n/a ,n/a ,n/a ,n/a ,n/a ,n/a ,
M2 ,23,D ,SQ2 ,4,1,n/a ,n/a ,n/a ,n/a ,n/a ,n/a ,n/a ,n/a ,n/a ,n/a ,n/a ,
M2 ,24,C ,LV1 ,3,12,n/a ,n/a ,n/a ,n/a ,n/a ,n/a ,n/a ,n/a ,n/a ,n/a ,n/a ,
M2 ,24,D ,LV3 ,7,7,X ,,,,,,,,,,,no plant
M2 ,25,C ,CP3 ,1,11,n/a ,n/a ,n/a ,n/a ,n/a ,n/a ,n/a ,n/a ,n/a ,n/a ,n/a ,
M2 ,25,D ,WL2 ,2,1,n/a ,n/a ,n/a ,n/a ,n/a ,n/a ,n/a ,n/a ,n/a ,n/a ,n/a ,
M2 ,26,C ,TM2 ,5,10,n/a ,n/a ,n/a ,n/a ,n/a ,n/a ,n/a ,n/a ,n/a ,n/a ,n/a ,
M2 ,26,D ,LVTR1 ,6,4,X ,,,,,,,,,,,no plant 
M2 ,27,C ,IH ,2,3,n/a ,n/a ,n/a ,n/a ,n/a ,n/a ,n/a ,n/a ,n/a ,n/a ,n/a ,
M2 ,27,D ,WL2 ,3,5,V ,,20.4,6,Y ,N ,2.5,,,,0,bushy 
M2 ,28,C ,CP3 ,5,11,X ,,,,,,,,,,,no plant 
M2 ,28,D ,DPR ,1,6,n/a ,n/a ,n/a ,n/a ,n/a ,n/a ,n/a ,n/a ,n/a ,n/a ,n/a ,
M2 ,29,C ,CP2 ,2,4,n/a ,n/a ,n/a ,n/a ,n/a ,n/a ,n/a ,n/a ,n/a ,n/a ,n/a ,
M2 ,29,D ,WV ,6,12,n/a ,n/a ,n/a ,n/a ,n/a ,n/a ,n/a ,n/a ,n/a ,n/a ,n/a ,
M2 ,30,C ,YO11 ,3,11,n/a ,n/a ,n/a ,n/a ,n/a ,n/a ,n/a ,n/a ,n/a ,n/a ,n/a ,
M2 ,30,D ,TM2 ,7,5,n/a ,n/a ,n/a ,n/a ,n/a ,n/a ,n/a ,n/a ,n/a ,n/a ,n/a ,
M2 ,31,C ,WV ,4,5,n/a ,n/a ,n/a ,n/a ,n/a ,n/a ,n/a ,n/a ,n/a ,n/a ,n/a ,
M2 ,31,D ,DPR ,4,10,n/a ,n/a ,n/a ,n/a ,n/a ,n/a ,n/a ,n/a ,n/a ,n/a ,n/a ,
M2 ,32,C ,LVTR1 ,3,6,n/a ,n/a ,n/a ,n/a ,n/a ,n/a ,n/a ,n/a ,n/a ,n/a ,n/a ,
M2 ,32,D ,CP3 ,3,4,n/a ,n/a ,n/a ,n/a ,n/a ,n/a ,n/a ,n/a ,n/a ,n/a ,n/a ,
M2 ,33,C ,YO8 ,1,4,n/a ,n/a ,n/a ,n/a ,n/a ,n/a ,n/a ,n/a ,n/a ,n/a ,n/a ,
M2 ,33,D ,WR ,3,6,n/a ,n/a ,n/a ,n/a ,n/a ,n/a ,n/a ,n/a ,n/a ,n/a ,n/a ,
M2 ,34,C ,LV1 ,7,12,X ,,,,,,,,,,,no plant 
M2 ,34,D ,LV1 ,6,8,n/a ,n/a ,n/a ,n/a ,n/a ,n/a ,n/a ,n/a ,n/a ,n/a ,n/a ,
M2 ,35,C ,SC ,1,1,n/a ,n/a ,n/a ,n/a ,n/a ,n/a ,n/a ,n/a ,n/a ,n/a ,n/a ,
M2 ,35,D ,YO4 ,2,11,n/a ,n/a ,n/a ,n/a ,n/a ,n/a ,n/a ,n/a ,n/a ,n/a ,n/a ,
M2 ,36,C ,YO11 ,1,2,n/a ,n/a ,n/a ,n/a ,n/a ,n/a ,n/a ,n/a ,n/a ,n/a ,n/a ,
M2 ,36,D ,SQ2 ,5,10,n/a ,n/a ,n/a ,n/a ,n/a ,n/a ,n/a ,n/a ,n/a ,n/a ,n/a ,
M2 ,37,C ,LV1 ,2,9,X ,,,,,,,,,,,no plant 
M2 ,37,D ,YO4 ,1,6,n/a ,n/a ,n/a ,n/a ,n/a ,n/a ,n/a ,n/a ,n/a ,n/a ,n/a ,
M2 ,38,C ,SQ3 ,2,2,n/a ,n/a ,n/a ,n/a ,n/a ,n/a ,n/a ,n/a ,n/a ,n/a ,n/a ,
M2 ,38,D ,YO7 ,5,8,n/a ,n/a ,n/a ,n/a ,n/a ,n/a ,n/a ,n/a ,n/a ,n/a ,n/a ,
M2 ,39,C ,CP2 ,4,3,X ,,,,,,,,,,,no plant 
M2 ,39,D ,FR ,5,2,n/a ,n/a ,n/a ,n/a ,n/a ,n/a ,n/a ,n/a ,n/a ,n/a ,n/a ,
M2 ,40,C ,CP3 ,7,3,n/a ,n/a ,n/a ,n/a ,n/a ,n/a ,n/a ,n/a ,n/a ,n/a ,n/a ,
M2 ,40,D ,YO4 ,6,11,n/a ,n/a ,n/a ,n/a ,n/a ,n/a ,n/a ,n/a ,n/a ,n/a ,n/a ,
M2 ,41,C ,LV1 ,5,4,n/a ,n/a ,n/a ,n/a ,n/a ,n/a ,n/a ,n/a ,n/a ,n/a ,n/a ,
M2 ,41,D ,IH ,5,13,n/a ,n/a ,n/a ,n/a ,n/a ,n/a ,n/a ,n/a ,n/a ,n/a ,n/a ,
M2 ,42,C ,CC ,7,9,n/a ,n/a ,n/a ,n/a ,n/a ,n/a ,n/a ,n/a ,n/a ,n/a ,n/a ,
M2 ,42,D ,DPR ,2,13,n/a ,n/a ,n/a ,n/a ,n/a ,n/a ,n/a ,n/a ,n/a ,n/a ,n/a ,
M2 ,43,C ,YO11 ,5,4,X ,,,,,,,,,,,
M2 ,43,D ,BH ,1,6,n/a ,n/a ,n/a ,n/a ,n/a ,n/a ,n/a ,n/a ,n/a ,n/a ,n/a ,
M2 ,44,C ,YO11 ,2,7,n/a ,n/a ,n/a ,n/a ,n/a ,n/a ,n/a ,n/a ,n/a ,n/a ,n/a ,
M2 ,44,D ,YO7 ,6,12,X ,,,,,,,,,,,
N1 ,1,A ,YO4 ,7,7,n/a ,n/a ,n/a ,n/a ,n/a ,n/a ,n/a ,n/a ,n/a ,n/a ,n/a ,
N1 ,1,B ,YO11 ,4,9,n/a ,n/a ,n/a ,n/a ,n/a ,n/a ,n/a ,n/a ,n/a ,n/a ,n/a ,
N1 ,2,A ,DPR ,7,7,n/a ,n/a ,n/a ,n/a ,n/a ,n/a ,n/a ,n/a ,n/a ,n/a ,n/a ,
N1 ,2,B ,CP3 ,2,10,n/a ,n/a ,n/a ,n/a ,n/a ,n/a ,n/a ,n/a ,n/a ,n/a ,n/a ,
N1 ,3,A ,WV ,1,3,n/a ,n/a ,n/a ,n/a ,n/a ,n/a ,n/a ,n/a ,n/a ,n/a ,n/a ,
N1 ,3,B ,WL2 ,2,10,n/a ,n/a ,n/a ,n/a ,n/a ,n/a ,n/a ,n/a ,n/a ,n/a ,n/a ,
N1 ,4,A ,YO11 ,1,11,n/a ,n/a ,n/a ,n/a ,n/a ,n/a ,n/a ,n/a ,n/a ,n/a ,n/a ,
N1 ,4,B ,CP2 ,1,8,V ,,22.1,8,Y ,N ,7.4,,,,0,
N1 ,5,A ,YO11 ,7,10,n/a ,n/a ,n/a ,n/a ,n/a ,n/a ,n/a ,n/a ,n/a ,n/a ,n/a ,
N1 ,5,B ,DPR ,2,3,n/a ,n/a ,n/a ,n/a ,n/a ,n/a ,n/a ,n/a ,n/a ,n/a ,n/a ,
N1 ,6,A ,SQ3 ,4,7,n/a ,n/a ,n/a ,n/a ,n/a ,n/a ,n/a ,n/a ,n/a ,n/a ,n/a ,
N1 ,6,B ,WV ,6,5,n/a ,n/a ,n/a ,n/a ,n/a ,n/a ,n/a ,n/a ,n/a ,n/a ,n/a ,
N1 ,7,A ,WR ,1,2,X ,,,,,,,,,,,no plant 
N1 ,7,B ,WV ,7,8,n/a ,n/a ,n/a ,n/a ,n/a ,n/a ,n/a ,n/a ,n/a ,n/a ,n/a ,
N1 ,8,A ,WV ,2,6,n/a ,n/a ,n/a ,n/a ,n/a ,n/a ,n/a ,n/a ,n/a ,n/a ,n/a ,
N1 ,8,B ,YO8 ,2,1,n/a ,n/a ,n/a ,n/a ,n/a ,n/a ,n/a ,n/a ,n/a ,n/a ,n/a ,
N1 ,9,A ,WL2 ,6,10,n/a ,n/a ,n/a ,n/a ,n/a ,n/a ,n/a ,n/a ,n/a ,n/a ,n/a ,
N1 ,9,B ,YO7 ,3,5,n/a ,n/a ,n/a ,n/a ,n/a ,n/a ,n/a ,n/a ,n/a ,n/a ,n/a ,
N1 ,10,A ,SQ2 ,2,4,n/a ,n/a ,n/a ,n/a ,n/a ,n/a ,n/a ,n/a ,n/a ,n/a ,n/a ,
N1 ,10,B ,LV1 ,5,13,n/a ,n/a ,n/a ,n/a ,n/a ,n/a ,n/a ,n/a ,n/a ,n/a ,n/a ,
N1 ,11,A ,LVTR1 ,7,7,n/a ,n/a ,n/a ,n/a ,n/a ,n/a ,n/a ,n/a ,n/a ,n/a ,n/a ,
N1 ,11,B ,YO11 ,6,1,X ,,,,,,,,,,,no plant 
N1 ,12,A ,WR ,2,12,n/a ,n/a ,n/a ,n/a ,n/a ,n/a ,n/a ,n/a ,n/a ,n/a ,n/a ,
N1 ,12,B ,LVTR1 ,5,7,X,,,,,,,,,,,no plant 
N1 ,13,A ,SQ1 ,6,12,n/a ,n/a ,n/a ,n/a ,n/a ,n/a ,n/a ,n/a ,n/a ,n/a ,n/a ,
N1 ,13,B ,YO4 ,2,4,X ,,,,,,,,,,,no plant
N1 ,14,A ,CC ,1,5,n/a ,n/a ,n/a ,n/a ,n/a ,n/a ,n/a ,n/a ,n/a ,n/a ,n/a ,
N1 ,14,B ,SQ3 ,5,12,X ,,,,,D,,,,,,
N1 ,15,A ,YO4 ,3,7,n/a ,n/a ,n/a ,n/a ,n/a ,n/a ,n/a ,n/a ,n/a ,n/a ,n/a ,
N1 ,15,B ,SQ3 ,2,11,V ,7.83,10.8,3,Y ,N ,4.7,,,,0,
N1 ,16,A ,IH ,3,1,n/a ,n/a ,n/a ,n/a ,n/a ,n/a ,n/a ,n/a ,n/a ,n/a ,n/a ,
N1 ,16,B ,YO8 ,7,5,n/a ,n/a ,n/a ,n/a ,n/a ,n/a ,n/a ,n/a ,n/a ,n/a ,n/a ,
N1 ,17,A ,CP2 ,3,9,n/a ,n/a ,n/a ,n/a ,n/a ,n/a ,n/a ,n/a ,n/a ,n/a ,n/a ,
N1 ,17,B ,LV1 ,7,5,n/a ,n/a ,n/a ,n/a ,n/a ,n/a ,n/a ,n/a ,n/a ,n/a ,n/a ,
N1 ,18,A ,CP3 ,6,7,X ,,,,,D ,,,,,,
N1 ,18,B ,DPR ,5,9,n/a ,n/a ,n/a ,n/a ,n/a ,n/a ,n/a ,n/a ,n/a ,n/a ,n/a ,
N1 ,19,A ,CC ,5,2,n/a ,n/a ,n/a ,n/a ,n/a ,n/a ,n/a ,n/a ,n/a ,n/a ,n/a ,
N1 ,19,B ,YO7 ,6,4,n/a ,n/a ,n/a ,n/a ,n/a ,n/a ,n/a ,n/a ,n/a ,n/a ,n/a ,
N1 ,20,A ,WV ,3,10,n/a ,n/a ,n/a ,n/a ,n/a ,n/a ,n/a ,n/a ,n/a ,n/a ,n/a ,
N1 ,20,B ,TM2 ,6,11,n/a ,n/a ,n/a ,n/a ,n/a ,n/a ,n/a ,n/a ,n/a ,n/a ,n/a ,
N1 ,21,A ,YO7 ,7,8,V ,3.84,4.4,1,Y ,N ,1.8,,,,0,
N1 ,21,B ,CP3 ,5,3,n/a ,n/a ,n/a ,n/a ,n/a ,n/a ,n/a ,n/a ,n/a ,n/a ,n/a ,
N1 ,22,A ,LVTR1 ,1,6,n/a ,n/a ,n/a ,n/a ,n/a ,n/a ,n/a ,n/a ,n/a ,n/a ,n/a ,
N1 ,22,B ,YO8 ,3,8,n/a ,n/a ,n/a ,n/a ,n/a ,n/a ,n/a ,n/a ,n/a ,n/a ,n/a ,
N2 ,23,A ,YO11 ,4,3,n/a ,n/a ,n/a ,n/a ,n/a ,n/a ,n/a ,n/a ,n/a ,n/a ,n/a ,
N2 ,23,B ,TM2 ,6,3,n/a ,n/a ,n/a ,n/a ,n/a ,n/a ,n/a ,n/a ,n/a ,n/a ,n/a ,
N2 ,24,A ,CC ,7,12,n/a ,n/a ,n/a ,n/a ,n/a ,n/a ,n/a ,n/a ,n/a ,n/a ,n/a ,
N2 ,24,B ,YO4 ,1,9,V ,8.54,11.4,5,Y ,N ,3.9,,,,0,
N2 ,25,A ,LV1 ,2,12,n/a ,n/a ,n/a ,n/a ,n/a ,n/a ,n/a ,n/a ,n/a ,n/a ,n/a ,
N2 ,25,B ,LV3 ,2,11,n/a ,n/a ,n/a ,n/a ,n/a ,n/a ,n/a ,n/a ,n/a ,n/a ,n/a ,
N2 ,26,A ,SC ,6,13,n/a ,n/a ,n/a ,n/a ,n/a ,n/a ,n/a ,n/a ,n/a ,n/a ,n/a ,
N2 ,26,B ,WV ,1,13,n/a ,n/a ,n/a ,n/a ,n/a ,n/a ,n/a ,n/a ,n/a ,n/a ,n/a ,
N2 ,27,A ,LV3 ,2,13,n/a ,n/a ,n/a ,n/a ,n/a ,n/a ,n/a ,n/a ,n/a ,n/a ,n/a ,
N2 ,27,B ,IH ,6,3,n/a ,n/a ,n/a ,n/a ,n/a ,n/a ,n/a ,n/a ,n/a ,n/a ,n/a ,
N2 ,28,A ,SQ3 ,5,6,n/a ,n/a ,n/a ,n/a ,n/a ,n/a ,n/a ,n/a ,n/a ,n/a ,n/a ,
N2 ,28,B ,YO11 ,2,10,n/a ,n/a ,n/a ,n/a ,n/a ,n/a ,n/a ,n/a ,n/a ,n/a ,n/a ,
N2 ,29,A ,YO7 ,5,11,n/a ,n/a ,n/a ,n/a ,n/a ,n/a ,n/a ,n/a ,n/a ,n/a ,n/a ,
N2 ,29,B ,CP3 ,7,6,n/a ,n/a ,n/a ,n/a ,n/a ,n/a ,n/a ,n/a ,n/a ,n/a ,n/a ,
N2 ,30,A ,DPR ,6,12,n/a ,n/a ,n/a ,n/a ,n/a ,n/a ,n/a ,n/a ,n/a ,n/a ,n/a ,
N2 ,30,B ,WL2 ,7,8,V ,,6.7,4,Y ,N ,2.6,,,,0,bushy 
N2 ,31,A ,IH ,3,11,n/a ,n/a ,n/a ,n/a ,n/a ,n/a ,n/a ,n/a ,n/a ,n/a ,n/a ,
N2 ,31,B ,SQ3 ,3,12,n/a ,n/a ,n/a ,n/a ,n/a ,n/a ,n/a ,n/a ,n/a ,n/a ,n/a ,
N2 ,32,A ,SQ1 ,4,10,n/a ,n/a ,n/a ,n/a ,n/a ,n/a ,n/a ,n/a ,n/a ,n/a ,n/a ,
N2 ,32,B ,YO8 ,2,13,X ,,,,,,,,,,,no plant 
N2 ,33,A ,YO8 ,4,6,n/a ,n/a ,n/a ,n/a ,n/a ,n/a ,n/a ,n/a ,n/a ,n/a ,n/a ,
N2 ,33,B ,CC ,4,3,n/a ,n/a ,n/a ,n/a ,n/a ,n/a ,n/a ,n/a ,n/a ,n/a ,n/a ,
N2 ,34,A ,LV1 ,4,3,n/a ,n/a ,n/a ,n/a ,n/a ,n/a ,n/a ,n/a ,n/a ,n/a ,n/a ,
N2 ,34,B ,FR ,7,7,n/a ,n/a ,n/a ,n/a ,n/a ,n/a ,n/a ,n/a ,n/a ,n/a ,n/a ,
N2 ,35,A ,CP3 ,4,10,n/a ,n/a ,n/a ,n/a ,n/a ,n/a ,n/a ,n/a ,n/a ,n/a ,n/a ,
N2 ,35,B ,SQ2 ,5,13,n/a ,n/a ,n/a ,n/a ,n/a ,n/a ,n/a ,n/a ,n/a ,n/a ,n/a ,
N2 ,36,A ,CP3 ,6,1,n/a ,n/a ,n/a ,n/a ,n/a ,n/a ,n/a ,n/a ,n/a ,n/a ,n/a ,
N2 ,36,B ,CP2 ,4,8,n/a ,n/a ,n/a ,n/a ,n/a ,n/a ,n/a ,n/a ,n/a ,n/a ,n/a ,
N2 ,37,A ,YO4 ,5,10,n/a ,n/a ,n/a ,n/a ,n/a ,n/a ,n/a ,n/a ,n/a ,n/a ,n/a ,
N2 ,37,B ,CP2 ,2,7,V ,,16.4,5,Y ,N ,3.8,,,,0,bushy 
N2 ,38,A ,SQ2 ,3,1,n/a ,n/a ,n/a ,n/a ,n/a ,n/a ,n/a ,n/a ,n/a ,n/a ,n/a ,
N2 ,38,B ,LVTR1 ,5,1,n/a ,n/a ,n/a ,n/a ,n/a ,n/a ,n/a ,n/a ,n/a ,n/a ,n/a ,
N2 ,39,A ,YO8 ,6,13,n/a ,n/a ,n/a ,n/a ,n/a ,n/a ,n/a ,n/a ,n/a ,n/a ,n/a ,
N2 ,39,B ,TM2 ,7,8,n/a ,n/a ,n/a ,n/a ,n/a ,n/a ,n/a ,n/a ,n/a ,n/a ,n/a ,
N2 ,40,A ,YO7 ,2,11,n/a ,n/a ,n/a ,n/a ,n/a ,n/a ,n/a ,n/a ,n/a ,n/a ,n/a ,
N2 ,40,B ,WV ,3,4,n/a ,n/a ,n/a ,n/a ,n/a ,n/a ,n/a ,n/a ,n/a ,n/a ,n/a ,
N2 ,41,A ,LVTR1 ,6,8,n/a ,n/a ,n/a ,n/a ,n/a ,n/a ,n/a ,n/a ,n/a ,n/a ,n/a ,
N2 ,41,B ,WV ,7,2,n/a ,n/a ,n/a ,n/a ,n/a ,n/a ,n/a ,n/a ,n/a ,n/a ,n/a ,
N2 ,42,A ,WR ,3,10,n/a ,n/a ,n/a ,n/a ,n/a ,n/a ,n/a ,n/a ,n/a ,n/a ,n/a ,
N2 ,42,B ,FR ,3,11,n/a ,n/a ,n/a ,n/a ,n/a ,n/a ,n/a ,n/a ,n/a ,n/a ,n/a ,
N2 ,43,A ,SQ3 ,2,5,n/a ,n/a ,n/a ,n/a ,n/a ,n/a ,n/a ,n/a ,n/a ,n/a ,n/a ,
N2 ,43,B ,LVTR1 ,2,6,n/a ,n/a ,n/a ,n/a ,n/a ,n/a ,n/a ,n/a ,n/a ,n/a ,n/a ,
N2 ,44,A ,WL2 ,6,4,n/a ,n/a ,n/a ,n/a ,n/a ,n/a ,n/a ,n/a ,n/a ,n/a ,n/a ,
N2 ,44,B ,YO4 ,4,7,n/a ,n/a ,n/a ,n/a ,n/a ,n/a ,n/a ,n/a ,n/a ,n/a ,n/a ,
N1 ,1,C ,CP3 ,3,13,n/a ,n/a ,n/a ,n/a ,n/a ,n/a ,n/a ,n/a ,n/a ,n/a ,n/a ,
N1 ,1,D ,SQ3 ,1,8,n/a ,n/a ,n/a ,n/a ,n/a ,n/a ,n/a ,n/a ,n/a ,n/a ,n/a ,
N1 ,2,C ,TM2 ,4,7,n/a ,n/a ,n/a ,n/a ,n/a ,n/a ,n/a ,n/a ,n/a ,n/a ,n/a ,
N1 ,2,D ,CP2 ,5,3,X ,,,,,,,,,,,
N1 ,3,C ,CP2 ,6,11,n/a ,n/a ,n/a ,n/a ,n/a ,n/a ,n/a ,n/a ,n/a ,n/a ,n/a ,
N1 ,3,D ,CP3 ,7,12,n/a ,n/a ,n/a ,n/a ,n/a ,n/a ,n/a ,n/a ,n/a ,n/a ,n/a ,
N1 ,4,C ,TM2 ,5,11,X,,,,,,,,,,,
N1 ,4,D ,FR ,1,5,n/a ,n/a ,n/a ,n/a ,n/a ,n/a ,n/a ,n/a ,n/a ,n/a ,n/a ,
N1 ,5,C ,CP3 ,1,4,n/a ,n/a ,n/a ,n/a ,n/a ,n/a ,n/a ,n/a ,n/a ,n/a ,n/a ,
N1 ,5,D ,LVTR1 ,4,4,n/a ,n/a ,n/a ,n/a ,n/a ,n/a ,n/a ,n/a ,n/a ,n/a ,n/a ,
N1 ,6,C ,LVTR1 ,2,12,X ,,,,,,,,,,,
N1 ,6,D ,YO7 ,4,11,n/a ,n/a ,n/a ,n/a ,n/a ,n/a ,n/a ,n/a ,n/a ,n/a ,n/a ,
N1 ,7,C ,SQ2 ,3,7,X ,,,,,,,,,,,
N1 ,7,D ,YO4 ,6,4,n/a ,n/a ,n/a ,n/a ,n/a ,n/a ,n/a ,n/a ,n/a ,n/a ,n/a ,
N1 ,8,C ,SQ1 ,3,11,n/a ,n/a ,n/a ,n/a ,n/a ,n/a ,n/a ,n/a ,n/a ,n/a ,n/a ,
N1 ,8,D ,SQ1 ,5,4,n/a ,n/a ,n/a ,n/a ,n/a ,n/a ,n/a ,n/a ,n/a ,n/a ,n/a ,
N1 ,9,C ,WL2 ,1,3,X ,,,,,,,,,,,
N1 ,9,D ,SC ,4,11,n/a ,n/a ,n/a ,n/a ,n/a ,n/a ,n/a ,n/a ,n/a ,n/a ,n/a ,
N1 ,10,C ,LV1 ,2,2,n/a ,n/a ,n/a ,n/a ,n/a ,n/a ,n/a ,n/a ,n/a ,n/a ,n/a ,
N1 ,10,D ,DPR ,4,1,n/a ,n/a ,n/a ,n/a ,n/a ,n/a ,n/a ,n/a ,n/a ,n/a ,n/a ,
N1 ,11,C ,SQ2 ,4,13,V ,,12.8,7,Y ,N ,4.6,,,,0,bushy 
N1 ,11,D ,SC ,3,6,n/a ,n/a ,n/a ,n/a ,n/a ,n/a ,n/a ,n/a ,n/a ,n/a ,n/a ,
N1 ,12,C ,FR ,4,6,n/a ,n/a ,n/a ,n/a ,n/a ,n/a ,n/a ,n/a ,n/a ,n/a ,n/a ,
N1 ,12,D ,WV ,5,2,n/a ,n/a ,n/a ,n/a ,n/a ,n/a ,n/a ,n/a ,n/a ,n/a ,n/a ,
N1 ,13,C ,YO7 ,1,10,n/a ,n/a ,n/a ,n/a ,n/a ,n/a ,n/a ,n/a ,n/a ,n/a ,n/a ,
N1 ,13,D ,YO8 ,4,12,n/a ,n/a ,n/a ,n/a ,n/a ,n/a ,n/a ,n/a ,n/a ,n/a ,n/a ,
N1 ,14,C ,YO4 ,4,13,n/a ,n/a ,n/a ,n/a ,n/a ,n/a ,n/a ,n/a ,n/a ,n/a ,n/a ,
N1 ,14,D ,LV1 ,3,5,n/a ,n/a ,n/a ,n/a ,n/a ,n/a ,n/a ,n/a ,n/a ,n/a ,n/a ,
N1 ,15,C ,WL2 ,5,2,n/a ,n/a ,n/a ,n/a ,n/a ,n/a ,n/a ,n/a ,n/a ,n/a ,n/a ,
N1 ,15,D ,YO8 ,6,3,n/a ,n/a ,n/a ,n/a ,n/a ,n/a ,n/a ,n/a ,n/a ,n/a ,n/a ,
N1 ,16,C ,IH ,5,4,n/a ,n/a ,n/a ,n/a ,n/a ,n/a ,n/a ,n/a ,n/a ,n/a ,n/a ,
N1 ,16,D ,LV3 ,3,4,n/a ,n/a ,n/a ,n/a ,n/a ,n/a ,n/a ,n/a ,n/a ,n/a ,n/a ,
N1 ,17,C ,IH ,1,2,n/a ,n/a ,n/a ,n/a ,n/a ,n/a ,n/a ,n/a ,n/a ,n/a ,n/a ,
N1 ,17,D ,LV1 ,4,10,X ,,,,,,,,,,,
N1 ,18,C ,SQ3 ,7,4,n/a ,n/a ,n/a ,n/a ,n/a ,n/a ,n/a ,n/a ,n/a ,n/a ,n/a ,
N1 ,18,D ,SQ1 ,2,2,n/a ,n/a ,n/a ,n/a ,n/a ,n/a ,n/a ,n/a ,n/a ,n/a ,n/a ,
N1 ,19,C ,IH ,6,10,n/a ,n/a ,n/a ,n/a ,n/a ,n/a ,n/a ,n/a ,n/a ,n/a ,n/a ,
N1 ,19,D ,LV3 ,4,4,n/a ,n/a ,n/a ,n/a ,n/a ,n/a ,n/a ,n/a ,n/a ,n/a ,n/a ,
N1 ,20,C ,YO11 ,3,4,n/a ,n/a ,n/a ,n/a ,n/a ,n/a ,n/a ,n/a ,n/a ,n/a ,n/a ,
N1 ,20,D ,WL1 ,3,7,n/a ,n/a ,n/a ,n/a ,n/a ,n/a ,n/a ,n/a ,n/a ,n/a ,n/a ,
N1 ,21,C ,FR ,2,13,n/a ,n/a ,n/a ,n/a ,n/a ,n/a ,n/a ,n/a ,n/a ,n/a ,n/a ,
N1 ,21,D ,SQ2 ,7,3,X,,,,,,,,,,,no plant 
N1 ,22,C ,CC ,6,9,n/a ,n/a ,n/a ,n/a ,n/a ,n/a ,n/a ,n/a ,n/a ,n/a ,n/a ,
N1 ,22,D ,SC ,1,12,n/a ,n/a ,n/a ,n/a ,n/a ,n/a ,n/a ,n/a ,n/a ,n/a ,n/a ,
N2 ,23,C ,YO7 ,7,2,X ,,,,,,,,,,,no plant 
N2 ,23,D ,IH ,2,6,n/a ,n/a ,n/a ,n/a ,n/a ,n/a ,n/a ,n/a ,n/a ,n/a ,n/a ,
N2 ,24,C ,WV ,4,8,n/a ,n/a ,n/a ,n/a ,n/a ,n/a ,n/a ,n/a ,n/a ,n/a ,n/a ,
N2 ,24,D ,WL1 ,5,7,n/a ,n/a ,n/a ,n/a ,n/a ,n/a ,n/a ,n/a ,n/a ,n/a ,n/a ,
N2 ,25,C ,CP3 ,3,7,n/a ,n/a ,n/a ,n/a ,n/a ,n/a ,n/a ,n/a ,n/a ,n/a ,n/a ,
N2 ,25,D ,SQ2 ,4,7,n/a ,n/a ,n/a ,n/a ,n/a ,n/a ,n/a ,n/a ,n/a ,n/a ,n/a ,
N2 ,26,C ,LV1 ,1,9,n/a ,n/a ,n/a ,n/a ,n/a ,n/a ,n/a ,n/a ,n/a ,n/a ,n/a ,
N2 ,26,D ,SQ3 ,1,2,n/a ,n/a ,n/a ,n/a ,n/a ,n/a ,n/a ,n/a ,n/a ,n/a ,n/a ,
N2 ,27,C ,SQ2 ,1,9,X ,,,,,,,,,,,no plant 
N2 ,27,D ,SC ,7,10,n/a ,n/a ,n/a ,n/a ,n/a ,n/a ,n/a ,n/a ,n/a ,n/a ,n/a ,
N2 ,28,C ,FR ,5,6,n/a ,n/a ,n/a ,n/a ,n/a ,n/a ,n/a ,n/a ,n/a ,n/a ,n/a ,
N2 ,28,D ,DPR ,3,8,n/a ,n/a ,n/a ,n/a ,n/a ,n/a ,n/a ,n/a ,n/a ,n/a ,n/a ,
N2 ,29,C ,BH ,1,12,n/a ,n/a ,n/a ,n/a ,n/a ,n/a ,n/a ,n/a ,n/a ,n/a ,n/a ,
N2 ,29,D ,CP3 ,2,2,n/a ,n/a ,n/a ,n/a ,n/a ,n/a ,n/a ,n/a ,n/a ,n/a ,n/a ,
N2 ,30,C ,WV ,5,12,n/a ,n/a ,n/a ,n/a ,n/a ,n/a ,n/a ,n/a ,n/a ,n/a ,n/a ,
N2 ,30,D ,LVTR1 ,3,9,n/a ,n/a ,n/a ,n/a ,n/a ,n/a ,n/a ,n/a ,n/a ,n/a ,n/a ,
N2 ,31,C ,YO8 ,5,9,n/a ,n/a ,n/a ,n/a ,n/a ,n/a ,n/a ,n/a ,n/a ,n/a ,n/a ,
N2 ,31,D ,LV1 ,6,11,n/a ,n/a ,n/a ,n/a ,n/a ,n/a ,n/a ,n/a ,n/a ,n/a ,n/a ,
N2 ,32,C ,CP2 ,6,3,n/a ,n/a ,n/a ,n/a ,n/a ,n/a ,n/a ,n/a ,n/a ,n/a ,n/a ,
N2 ,32,D ,SQ3 ,6,9,n/a ,n/a ,n/a ,n/a ,n/a ,n/a ,n/a ,n/a ,n/a ,n/a ,n/a ,
N2 ,33,C ,CC ,3,11,n/a ,n/a ,n/a ,n/a ,n/a ,n/a ,n/a ,n/a ,n/a ,n/a ,n/a ,
N2 ,33,D ,YO7 ,4,3,n/a ,n/a ,n/a ,n/a ,n/a ,n/a ,n/a ,n/a ,n/a ,n/a ,n/a ,
N2 ,34,C ,TM2 ,1,1,n/a ,n/a ,n/a ,n/a ,n/a ,n/a ,n/a ,n/a ,n/a ,n/a ,n/a ,
N2 ,34,D ,YO7 ,1,4,n/a ,n/a ,n/a ,n/a ,n/a ,n/a ,n/a ,n/a ,n/a ,n/a ,n/a ,
N2 ,35,C ,TM2 ,4,1,n/a ,n/a ,n/a ,n/a ,n/a ,n/a ,n/a ,n/a ,n/a ,n/a ,n/a ,
N2 ,35,D ,YO11 ,7,4,n/a ,n/a ,n/a ,n/a ,n/a ,n/a ,n/a ,n/a ,n/a ,n/a ,n/a ,
N2 ,36,C ,DPR ,5,3,n/a ,n/a ,n/a ,n/a ,n/a ,n/a ,n/a ,n/a ,n/a ,n/a ,n/a ,
N2 ,36,D ,SC ,2,12,n/a ,n/a ,n/a ,n/a ,n/a ,n/a ,n/a ,n/a ,n/a ,n/a ,n/a ,
N2 ,37,C ,SQ1 ,6,5,n/a ,n/a ,n/a ,n/a ,n/a ,n/a ,n/a ,n/a ,n/a ,n/a ,n/a ,
N2 ,37,D ,FR ,2,7,n/a ,n/a ,n/a ,n/a ,n/a ,n/a ,n/a ,n/a ,n/a ,n/a ,n/a ,
N2 ,38,C ,LV3 ,2,12,n/a ,n/a ,n/a ,n/a ,n/a ,n/a ,n/a ,n/a ,n/a ,n/a ,n/a ,
N2 ,38,D ,WR ,2,4,n/a ,n/a ,n/a ,n/a ,n/a ,n/a ,n/a ,n/a ,n/a ,n/a ,n/a ,
N2 ,39,C ,LV1 ,5,7,n/a ,n/a ,n/a ,n/a ,n/a ,n/a ,n/a ,n/a ,n/a ,n/a ,n/a ,
N2 ,39,D ,DPR ,1,9,n/a ,n/a ,n/a ,n/a ,n/a ,n/a ,n/a ,n/a ,n/a ,n/a ,n/a ,
N2 ,40,C ,WL2 ,2,4,X ,,,,,,,,,,,no plant 
N2 ,40,D ,YO4 ,7,1,n/a ,n/a ,n/a ,n/a ,n/a ,n/a ,n/a ,n/a ,n/a ,n/a ,n/a ,
N2 ,41,C ,YO11 ,1,5,X ,,,,,,,,,,,no plant 
N2 ,41,D ,YO8 ,1,7,n/a ,n/a ,n/a ,n/a ,n/a ,n/a ,n/a ,n/a ,n/a ,n/a ,n/a ,
N2 ,42,C ,WL2 ,3,10,n/a ,n/a ,n/a ,n/a ,n/a ,n/a ,n/a ,n/a ,n/a ,n/a ,n/a ,
N2 ,42,D ,SQ1 ,3,5,n/a ,n/a ,n/a ,n/a ,n/a ,n/a ,n/a ,n/a ,n/a ,n/a ,n/a ,
N2 ,43,C ,YO4 ,3,1,n/a ,n/a ,n/a ,n/a ,n/a ,n/a ,n/a ,n/a ,n/a ,n/a ,n/a ,
N2 ,43,D ,YO11 ,5,7,n/a ,n/a ,n/a ,n/a ,n/a ,n/a ,n/a ,n/a ,n/a ,n/a ,n/a ,
N2 ,44,C ,SC ,1,4,n/a ,n/a ,n/a ,n/a ,n/a ,n/a ,n/a ,n/a ,n/a ,n/a ,n/a ,
N2 ,44,D ,CP2 ,7,10,n/a ,n/a ,n/a ,n/a ,n/a ,n/a ,n/a ,n/a ,n/a ,n/a ,n/a ,
