parent.pop,mf,rep,germinated?,Height (cm),Longest leaf (cm),Notes
BH,1,1,0,,,
BH,1,2,0,,,
BH,1,3,0,,,
BH,1,4,0,,,
BH,1,5,0,,,
BH,1,6,0,,,
BH,1,7,1,1.7,1.9,
BH,1,8,1,1.7,1.6,
BH,1,9,0,,,
BH,1,10,1,1.2,1.5,
BH,1,11,0,,,
BH,1,12,0,,,
BH,1,13,0,,,
BH,2,1,1,1.4,2.7,
BH,2,2,1,1.4,1.3,
BH,2,3,1,1.1,1.7,
BH,2,4,1,1.6,1.9,
BH,2,5,1,2.4,3.2,
BH,2,6,1,2.2,2.7,
BH,2,7,1,1.8,2.4,
BH,2,8,1,2.6,2.3,
BH,2,9,1,3.5,3.4,
BH,2,10,1,2.9,2.4,
BH,2,11,1,2,3.2,
BH,2,12,1,3.4,2.5,
BH,2,13,1,1.1,1.3,
BH,2,14,1,1.3,2.1,
BH,3,1,1,1.7,2,
BH,3,2,1,2.2,2.1,
BH,3,3,1,2,2.2,
BH,3,4,1,2.5,3,
BH,3,5,1,1.7,1.8,
BH,3,6,1,3,3.1,
BH,3,7,1,1.2,1.5,
BH,3,8,1,3.3,2.1,
BH,3,9,1,1.9,1.9,
BH,3,10,1,1.5,1.6,
BH,3,11,1,2.9,2.6,
BH,3,12,1,2.3,3.3,
BH,3,13,1,1.9,2.3,
BH,3,14,1,0.9,0.8,
BH,4,1,1,1.8,1.6,
BH,4,2,1,2.5,2.5,
BH,4,3,1,2.4,2.3,
BH,4,4,1,2.4,2.4,
BH,4,5,1,3.3,2.2,
BH,4,6,1,2.8,2,
BH,4,7,1,2.2,3.1,
BH,4,8,1,2.6,2.1,
BH,4,9,1,2.8,3.2,
BH,4,10,1,2.8,2.3,leaf damaged in transport
BH,4,11,1,2.7,3.4,
BH,4,12,1,2.5,3,
BH,4,13,1,2.3,2.4,
BH,4,14,1,2.4,2.7,
BH,5,1,1,2.2,2.7,
BH,5,2,1,1.7,1.7,
BH,5,3,1,3.5,3.4,
BH,5,4,1,2.2,1.7,
BH,5,5,1,2.3,2.6,
BH,5,6,1,3.7,3.2,
BH,5,7,1,2.4,2.8,
BH,5,8,1,1.8,2.8,
BH,5,9,1,0.9,1.8,
BH,5,10,1,2.3,2.7,
BH,5,11,1,3.5,3.7,
BH,5,12,1,2.9,2.6,
BH,5,13,1,3.3,2.8,
BH,5,14,1,2.2,2.6,
BH,5,15,1,1.6,2.3,
BH,5,16,1,2.1,3.2,
BH,5,17,1,1.1,1.8,
BH,5,18,1,2.5,3.7,
BH,5,19,1,2.3,2.3,
BH,5,20,1,2.1,2.7,
BH,5,21,1,2.6,2.8,
BH,5,22,1,2.3,2.8,
BH,5,23,1,1.9,2.8,
BH,5,24,1,2.5,3.8,
BH,5,25,1,1.7,3,
BH,5,26,1,1.7,2.5,
BH,5,27,1,1.4,2.1,
BH,5,28,1,1.7,2.9,
BH,5,29,1,1.8,3.1,
BH,5,30,1,2.8,3.4,
BH,5,31,1,2,3.4,
BH,6,1,0,,,
BH,6,2,1,2.5,3.3,
BH,6,3,1,1.4,2.3,
BH,6,4,1,3.4,2.7,
BH,6,5,1,2.8,2.9,
BH,6,6,1,3.2,2.4,
BH,6,7,1,1.3,1.9,
BH,6,8,1,1.5,1.9,
BH,6,9,1,1.4,1.8,
BH,6,10,1,2.2,2.6,
BH,6,11,1,2.3,2.6,
BH,6,12,1,1.7,2.1,
BH,6,13,1,1.9,1.9,
BH,7,1,1,0.6,0.6,
BH,7,2,1,1.8,2.5,
BH,7,3,1,1.1,1.6,
BH,7,4,1,2.1,2.4,
BH,7,5,1,2.8,3.3,
BH,7,6,1,2.7,2.8,
BH,7,7,1,1.4,2.9,
BH,7,8,1,1.6,2.5,
BH,7,9,1,2.5,2.7,
BH,7,10,1,2,2.8,
BH,7,11,1,2,2.4,
BH,7,12,1,2.4,2.5,
BH,7,13,1,1.7,3.6,
BH,7,14,1,1.9,2.3,
BH,7,15,1,1,2.3,
BH,7,16,1,1.8,2.5,
BH,7,17,1,1.6,2.3,
BH,7,18,1,1.5,2.5,
BH,7,19,1,1.9,2,
BH,7,20,1,1.9,1.9,
BH,7,21,1,2.3,3.4,
BH,7,22,1,1.7,2.6,
BH,7,23,1,1.6,3.8,
buffer,,,,,,
buffer,,,,,,
buffer,,,,,,
buffer,,,,,,
buffer,,,,,,
buffer,,,,,,
buffer,,,,,,
buffer,,,,,,
buffer,,,,,,
buffer,,,,,,
buffer,,,,,,
buffer,,,,,,
buffer,,,,,,
buffer,,,,,,
buffer,,,,,,
buffer,,,,,,
buffer,,,,,,
buffer,,,,,,
buffer,,,,,,
buffer,,,,,,
buffer,,,,,,
buffer,,,,,,
buffer,,,,,,
buffer,,,,,,
buffer,,,,,,
buffer,,,,,,
buffer,,,,,,
buffer,,,,,,
buffer,,,,,,
buffer,,,,,,
buffer,,,,,,
buffer,,,,,,
buffer,,,,,,
buffer,,,,,,
buffer,,,,,,
buffer,,,,,,
buffer,,,,,,
buffer,,,,,,
buffer,,,,,,
buffer,,,,,,
buffer,,,,,,
buffer,,,,,,
buffer,,,,,,
buffer,,,,,,
buffer,,,,,,
buffer,,,,,,
buffer,,,,,,
buffer,,,,,,
buffer,,,,,,
buffer,,,,,,
buffer,,,,,,
buffer,,,,,,
buffer,,,,,,
buffer,,,,,,
buffer,,,,,,
buffer,,,,,,
buffer,,,,,,
buffer,,,,,,
buffer,,,,,,
buffer,,,,,,
buffer,,,,,,
buffer,,,,,,
buffer,,,,,,
buffer,,,,,,
buffer,,,,,,
buffer,,,,,,
buffer,,,,,,
buffer,,,,,,
buffer,,,,,,
buffer,,,,,,
buffer,,,,,,
buffer,,,,,,
buffer,,,,,,
buffer,,,,,,
buffer,,,,,,
buffer,,,,,,
buffer,,,,,,
buffer,,,,,,
buffer,,,,,,
buffer,,,,,,
buffer,,,,,,
buffer,,,,,,
buffer,,,,,,
buffer,,,,,,
buffer,,,,,,
buffer,,,,,,
buffer,,,,,,
buffer,,,,,,
buffer,,,,,,
buffer,,,,,,
buffer,,,,,,
buffer,,,,,,
buffer,,,,,,
buffer,,,,,,
buffer,,,,,,
buffer,,,,,,
buffer,,,,,,
buffer,,,,,,
buffer,,,,,,
CC,1,1,1,2.5,1.8,
CC,1,2,0,,,
CC,1,3,0,,,
CC,1,4,0,,,
CC,1,5,0,,,
CC,1,6,1,2.6,1.8,
CC,1,7,0,,,
CC,1,8,0,,,
CC,1,9,1,4.7,2.5,
CC,1,10,0,,,
CC,1,11,1,2.7,2,
CC,1,12,0,,,
CC,1,13,0,,,
CC,2,1,1,3.1,2,
CC,2,2,1,2.6,2.3,
CC,2,3,1,3.1,2.4,
CC,2,4,1,3.4,2.4,
CC,2,5,1,6.2,2.6,
CC,2,6,1,3.1,1.8,
CC,2,7,1,1.6,1.5,
CC,2,8,0,,,
CC,2,9,0,,,
CC,2,10,0,,,
CC,2,11,0,,,
CC,2,12,0,,,
CC,2,13,1,2.4,2,
CC,3,1,0,,,
CC,3,2,1,5.2,2.8,
CC,3,3,1,3.4,2.4,
CC,3,4,0,,,
CC,3,5,1,3.8,2.9,
CC,3,6,0,,,
CC,3,7,0,,,
CC,3,8,1,2.4,2,
CC,3,9,1,3.5,2,
CC,3,10,1,2.4,1.5,
CC,3,11,0,,,
CC,3,12,1,4.5,2.5,
CC,3,13,1,2.9,2.8,
CC,4,1,0,,,
CC,4,2,0,,,
CC,4,3,0,,,
CC,4,4,1,2.4,2.7,
CC,4,5,1,3,1.7,
CC,4,6,1,2.3,1.6,
CC,4,7,1,2.2,2,
CC,4,8,1,3.2,2.5,
CC,4,9,1,1.6,1.2,
CC,4,10,1,3.4,2.2,
CC,4,11,0,,,
CC,4,12,0,,,
CC,4,13,1,1.9,1.3,
CC,5,1,0,,,
CC,5,2,0,,,
CC,5,3,1,3,2,
CC,5,4,0,,,
CC,5,5,1,3.6,2.2,
CC,5,6,1,4.3,2.6,
CC,5,7,1,2.9,1.5,
CC,5,8,0,,,
CC,5,9,0,,,
CC,5,10,0,,,
CC,5,11,1,6.5,3.4,
CC,5,12,1,3.3,2.1,
CC,5,13,0,,,
CC,6,1,0,,,
CC,6,2,0,,,
CC,6,3,1,3.5,2,
CC,6,4,1,3.8,2.8,
CC,6,5,1,5.1,2.5,
CC,6,6,1,2.6,1.7,
CC,6,7,0,,,
CC,6,8,0,,,
CC,6,9,0,,,
CC,6,10,1,5.1,2.7,
CC,6,11,0,,,
CC,6,12,0,,,
CC,6,13,0,,,
CC,7,1,1,3.8,2,
CC,7,2,1,4.6,2.3,
CC,7,3,1,2.6,1.7,
CC,7,4,1,1.5,1,
CC,7,5,0,,,
CC,7,6,0,,,
CC,7,7,0,,,
CC,7,8,1,4.1,2.6,
CC,7,9,0,,,
CC,7,10,0,,,
CC,7,11,0,,,
CC,7,12,0,,,
CC,7,13,0,,,
CP2,1,1,1,0.8,1.5,
CP2,1,2,0,,,
CP2,1,3,0,,,
CP2,1,4,1,1.8,1.8,
CP2,1,5,0,,,
CP2,1,6,1,1.4,1.5,
CP2,1,7,0,,,
CP2,1,8,0,,,
CP2,1,9,0,,,
CP2,1,10,0,,,
CP2,1,11,0,,,
CP2,1,12,0,,,
CP2,1,13,0,,,
CP2,2,1,1,1.6,2,
CP2,2,2,1,0.7,0.8,
CP2,2,3,0,,,
CP2,2,4,0,,,
CP2,2,5,0,,,
CP2,2,6,0,,,
CP2,2,7,0,,,
CP2,2,8,0,,,
CP2,2,9,0,,,
CP2,2,10,0,,,
CP2,2,11,1,1.6,2,
CP2,2,12,0,,,
CP2,2,13,0,,,
CP2,3,1,0,,,
CP2,3,2,1,1.3,1.7,
CP2,3,3,1,1.8,3.5,
CP2,3,4,1,0.8,1,
CP2,3,5,1,2.4,1.9,
CP2,3,6,1,2.1,2.9,
CP2,3,7,0,,,
CP2,3,8,1,1.8,2.4,
CP2,3,9,0,,,
CP2,3,10,1,1.8,1.7,
CP2,3,11,0,,,
CP2,3,12,1,1.1,1.6,
CP2,3,13,0,,,
CP2,4,1,0,,,
CP2,4,2,0,,,
CP2,4,3,0,,,
CP2,4,4,1,1,2.6,
CP2,4,5,0,,,
CP2,4,6,1,1.2,2.6,
CP2,4,7,0,,,
CP2,4,8,0,,,
CP2,4,9,0,,,
CP2,4,10,0,,,
CP2,4,11,0,,,
CP2,4,12,0,,,
CP2,4,13,0,,,
CP2,5,1,1,0.4,0.8,sad
CP2,5,2,1,1.3,2.1,
CP2,5,3,0,,,
CP2,5,4,0,,,
CP2,5,5,0,,,
CP2,5,6,0,,,
CP2,5,7,0,,,
CP2,5,8,1,1.4,1.9,
CP2,5,9,0,,,
CP2,5,10,1,1.3,2.2,
CP2,5,11,0,,,
CP2,5,12,0,,,
CP2,5,13,1,1.5,2.2,
CP2,6,1,0,,,
CP2,6,2,0,,,
CP2,6,3,0,,,
CP2,6,4,1,1.8,1.8,
CP2,6,5,0,,,
CP2,6,6,0,,,
CP2,6,7,0,,,
CP2,6,8,0,,,
CP2,6,9,0,,,
CP2,6,10,1,1.3,2,
CP2,6,11,0,,,
CP2,6,12,0,,,
CP2,6,13,0,,,
CP2,7,1,0,,,
CP2,7,2,0,,,
CP2,7,3,0,,,
CP2,7,4,0,,,
CP2,7,5,0,,,
CP2,7,6,1,1.2,1.2,
CP2,7,7,1,1.4,2,
CP2,7,8,0,,,
CP2,7,9,0,,,
CP2,7,10,0,,,
CP2,7,11,0,,,
CP2,7,12,1,1.8,2.1,
CP2,7,13,0,,,
CP2,8,1,1,0.6,1.1,
CP2,8,2,1,1.6,1.5,
CP2,8,3,1,1.3,1.4,
CP2,8,4,1,1.1,0.9,
CP2,9,1,1,1.2,2.1,
CP2,9,2,1,0.8,1.4,
CP2,9,3,1,2.7,2.6,
CP2,9,4,1,1.6,2.2,
CP2,10,1,1,0.8,1.1,
CP2,10,2,1,1.7,1.7,
CP2,10,3,1,2,2.7,
CP2,10,4,1,0.8,0.7,
CP3,1,1,0,,,
CP3,1,2,0,,,
CP3,1,3,0,,,
CP3,1,4,0,,,
CP3,1,5,0,,,
CP3,1,6,0,,,
CP3,1,7,0,,,
CP3,1,8,0,,,
CP3,1,9,0,,,
CP3,1,10,0,,,
CP3,1,11,0,,,
CP3,1,12,0,,,
CP3,2,1,0,,,
CP3,2,2,0,,,
CP3,2,3,1,1.6,1.7,
CP3,2,4,0,,,
CP3,2,5,0,,,
CP3,2,6,0,,,
CP3,2,7,1,1.8,2.1,
CP3,2,8,0,,,
CP3,2,9,0,,,
CP3,2,10,0,,,
CP3,2,11,0,,,
CP3,2,12,0,,,
CP3,2,13,0,,,
CP3,3,1,0,,,
CP3,3,2,0,,,
CP3,3,3,0,,,
CP3,3,4,0,,,
CP3,3,5,0,,,
CP3,3,6,0,,,
CP3,3,7,0,,,
CP3,3,8,0,,,
CP3,3,9,0,,,
CP3,3,10,0,,,
CP3,3,11,0,,,
CP3,3,12,0,,,
CP3,3,13,0,,,
CP3,4,1,0,,,
CP3,4,2,0,,,
CP3,4,3,0,,,
CP3,4,4,0,,,
CP3,4,5,0,,,
CP3,4,6,0,,,
CP3,4,7,0,,,
CP3,4,8,0,,,
CP3,4,9,0,,,
CP3,4,10,0,,,
CP3,4,11,0,,,
CP3,4,12,0,,,
CP3,4,13,0,,,
CP3,5,1,0,,,
CP3,5,2,0,,,
CP3,5,3,0,,,
CP3,5,4,0,,,
CP3,5,5,0,,,
CP3,5,6,0,,,
CP3,5,7,0,,,
CP3,5,8,0,,,
CP3,5,9,1,0.7,1.9,
CP3,5,10,0,,,
CP3,5,11,0,,,
CP3,5,12,0,,,
CP3,5,13,0,,,
CP3,6,1,0,,,
CP3,6,2,0,,,
CP3,6,3,0,,,
CP3,6,4,0,,,
CP3,6,5,0,,,
CP3,6,6,0,,,
CP3,6,7,0,,,
CP3,6,8,0,,,
CP3,6,9,0,,,
CP3,6,10,0,,,
CP3,6,11,0,,,
CP3,6,12,0,,,
CP3,6,13,1,1.3,2.1,
CP3,7,1,1,0.2,0.2,v. sick
CP3,7,2,0,,,
CP3,7,3,0,,,
CP3,7,4,0,,,
CP3,7,5,0,,,
CP3,7,6,0,,,
CP3,7,7,0,,,
CP3,7,8,0,,,
CP3,7,9,0,,,
CP3,7,10,0,,,
CP3,7,11,0,,,
CP3,7,12,0,,,
CP3,7,13,0,,,
CP3,9,1,1,NA,NA,Dead
CP3,9,2,1,1.3,2.1,
CP3,12,1,1,2.5,3.1,
DPR,1,1,0,,,
DPR,1,2,0,,,
DPR,1,3,0,,,
DPR,1,4,0,,,
DPR,1,5,0,,,
DPR,1,6,0,,,
DPR,1,7,0,,,
DPR,1,8,0,,,
DPR,1,9,0,,,
DPR,1,10,0,,,
DPR,1,11,0,,,
DPR,1,12,0,,,
DPR,1,13,0,,,
DPR,2,1,0,,,
DPR,2,2,1,2.1,2.5,
DPR,2,3,0,,,
DPR,2,4,1,3.3,3.1,
DPR,2,5,1,4.6,3.2,
DPR,2,6,1,5.11,3,
DPR,2,7,1,5.2,3,
DPR,2,8,0,,,
DPR,2,9,0,,,
DPR,2,10,1,5.9,3,
DPR,2,11,1,4.4,3.2,
DPR,2,12,1,6.6,4.2,
DPR,2,13,0,,,
DPR,3,1,0,,,
DPR,3,2,0,,,
DPR,3,3,0,,,
DPR,3,4,0,,,
DPR,3,5,0,,,
DPR,3,6,0,,,
DPR,3,7,1,2.3,2.2,
DPR,3,8,0,,,
DPR,3,9,0,,,
DPR,3,10,0,,,
DPR,3,11,0,,,
DPR,3,12,0,,,
DPR,3,13,0,,,
DPR,4,1,0,,,
DPR,4,2,0,,,
DPR,4,3,0,,,
DPR,4,4,0,,,
DPR,4,5,0,,,
DPR,4,6,0,,,
DPR,4,7,0,,,
DPR,4,8,1,2.2,2.4,
DPR,4,9,1,3.7,2.4,
DPR,4,10,0,,,
DPR,4,11,1,2.9,3.5,
DPR,4,12,0,,,
DPR,4,13,1,1.5,1.2,
DPR,5,1,0,,,
DPR,5,2,1,4,2.5,
DPR,5,3,0,,,
DPR,5,4,0,,,
DPR,5,5,0,,,
DPR,5,6,0,,,
DPR,5,7,0,,,
DPR,5,8,0,,,
DPR,5,9,0,,,
DPR,5,10,0,,,
DPR,5,11,0,,,
DPR,5,12,0,,,
DPR,5,13,0,,,
DPR,6,1,0,,,
DPR,6,2,1,2.3,1.1,
DPR,6,3,1,2.7,2.1,
DPR,6,4,1,2.4,3.1,
DPR,6,5,0,,,
DPR,6,6,0,,,
DPR,6,7,0,,,
DPR,6,8,0,,,
DPR,6,9,1,3.4,2.6,
DPR,6,10,1,1.5,1.9,
DPR,6,11,1,2,2.3,
DPR,6,12,0,,,
DPR,6,13,1,2.5,2.7,
DPR,7,1,0,,,
DPR,7,2,0,,,
DPR,7,3,0,,,
DPR,7,4,1,2.1,2.1,
DPR,7,5,0,,,
DPR,7,6,0,,,
DPR,7,7,0,,,
DPR,7,8,0,,,
DPR,7,9,0,,,
DPR,7,10,0,,,
DPR,7,11,0,,,
DPR,7,12,0,,,
DPR,7,13,0,,,
FR,1,1,1,3.6,2.1,
FR,1,2,0,,,
FR,1,3,0,,,
FR,1,4,0,,,
FR,1,5,0,,,
FR,1,6,1,2.9,2.2,
FR,1,7,0,,,
FR,1,8,0,,,
FR,1,9,1,4.9,2.7,
FR,1,10,1,4,2.1,
FR,1,11,1,2.7,2.6,
FR,1,12,1,5.5,3.2,
FR,1,13,1,3.1,2,
FR,2,1,1,2.6,1.9,
FR,2,2,1,1.7,1.6,
FR,2,3,0,,,
FR,2,4,1,1.6,1.5,
FR,2,5,0,,,
FR,2,6,0,,,
FR,2,7,0,,,
FR,2,8,1,4.2,2.1,
FR,2,9,1,2.9,2.2,
FR,2,10,1,2.6,2.9,
FR,2,11,1,3.3,2.5,
FR,2,12,1,5.4,2.1,
FR,2,13,0,,,
FR,3,1,0,,,
FR,3,2,0,,,
FR,3,3,0,,,
FR,3,4,0,,,
FR,3,5,1,3.6,2.2,
FR,3,6,1,4.1,2.6,
FR,3,7,0,,,
FR,3,8,0,,,
FR,3,9,0,,,
FR,3,10,0,,,
FR,3,11,0,,,
FR,3,12,0,,,
FR,3,13,1,2.3,2.7,
FR,4,1,0,,,
FR,4,2,1,2.2,2.1,
FR,4,3,0,,,
FR,4,4,0,,,
FR,4,5,0,,,
FR,4,6,0,,,
FR,4,7,1,NA,NA,dead
FR,4,8,0,,,
FR,4,9,0,,,
FR,4,10,0,,,
FR,4,11,0,,,
FR,4,12,0,,,
FR,4,13,1,2.5,2.5,
FR,5,1,0,,,
FR,5,2,0,,,
FR,5,3,1,1.8,1.5,
FR,5,4,0,,,
FR,5,5,0,,,
FR,5,6,0,,,
FR,5,7,0,,,
FR,5,8,0,,,
FR,5,9,1,2.4,1.8,
FR,5,10,1,2.1,1.8,
FR,5,11,0,,,
FR,5,12,0,,,
FR,5,13,1,1.6,1.6,
FR,6,1,0,,,
FR,6,2,1,1.4,1.1,
FR,6,3,1,2,1.4,
FR,6,4,1,3.1,1.9,
FR,6,5,1,2.5,2.1,
FR,6,6,1,2.4,2.2,
FR,6,7,1,3.3,2.4,
FR,6,8,0,,,
FR,6,9,0,,,
FR,6,10,1,1.4,1.8,
FR,6,11,0,,,
FR,6,12,1,4.6,2.3,
FR,6,13,0,,,
FR,7,1,0,,,
FR,7,2,0,,,
FR,7,3,0,,,
FR,7,4,0,,,
FR,7,5,0,,,
FR,7,6,0,,,
FR,7,7,0,,,
FR,7,8,0,,,
FR,7,9,1,2.6,2.6,
FR,7,10,1,2.3,2.1,
FR,7,11,1,3.8,2.6,
FR,7,12,0,,,
FR,7,13,0,,,
FR,8,1,1,1.7,1.5,
FR,8,2,1,NA,NA,dead
IH,1,1,0,,,
IH,1,2,0,,,
IH,1,3,0,,,
IH,1,4,0,,,
IH,1,5,0,,,
IH,1,6,1,1.8,2.4,
IH,1,7,1,1.4,2.1,
IH,1,8,0,,,
IH,1,9,1,2.6,3.6,
IH,1,10,1,1.4,2.6,
IH,1,11,1,1.2,0.5,
IH,1,12,1,1.8,2.5,
IH,1,13,0,,,
IH,2,1,0,,,
IH,2,2,0,,,
IH,2,3,0,,,
IH,2,4,0,,,
IH,2,5,0,,,
IH,2,6,0,,,
IH,2,7,0,,,
IH,2,8,0,,,
IH,2,9,1,2.4,3.3,
IH,2,10,0,,,
IH,2,11,0,,,
IH,2,12,0,,,
IH,2,13,1,2.1,3,
IH,3,1,0,,,
IH,3,2,0,,,
IH,3,3,0,,,
IH,3,4,0,,,
IH,3,5,0,,,
IH,3,6,0,,,
IH,3,7,0,,,
IH,3,8,0,,,
IH,3,9,0,,,
IH,3,10,0,,,
IH,3,11,0,,,
IH,3,12,0,,,
IH,3,13,0,,,
IH,4,1,1,2.3,3,
IH,4,2,1,2.8,3.6,
IH,4,3,1,2.4,2.3,
IH,4,4,1,2.1,2.9,
IH,4,5,1,2.2,2.1,
IH,4,6,1,2.3,2.7,
IH,4,7,1,2.8,3.4,
IH,4,8,1,2.2,2.3,
IH,4,9,1,1.2,1.4,
IH,4,10,1,2.9,2.9,
IH,4,11,1,2.1,3.4,
IH,4,12,1,2.7,2.6,
IH,4,13,1,2.4,2.2,
IH,4,14,1,1.8,1.5,
IH,4,15,1,1.7,2.3,
IH,4,16,1,1.5,1.8,
IH,4,17,1,1.1,1.2,
IH,4,18,1,1.3,1.5,
IH,4,19,1,1.7,1.9,
IH,4,20,1,1.9,2.2,
IH,4,21,1,1.4,2,
IH,4,22,1,0.6,1.2,
IH,5,1,0,,,
IH,5,2,0,,,
IH,5,3,0,,,
IH,5,4,0,,,
IH,5,5,0,,,
IH,5,6,0,,,
IH,5,7,0,,,
IH,5,8,0,,,
IH,5,9,0,,,
IH,5,10,1,3.2,2.7,
IH,5,11,1,2.2,2.9,
IH,5,12,0,,,
IH,5,13,0,,,
IH,6,1,0,,,
IH,6,2,0,,,
IH,6,3,0,,,
IH,6,4,0,,,
IH,6,5,0,,,
IH,6,6,1,1.8,1.9,
IH,6,7,0,,,
IH,6,8,0,,,
IH,6,9,0,,,
IH,6,10,0,,,
IH,6,11,0,,,
IH,6,12,1,2.7,3.2,
IH,6,13,1,2.3,2.7,
IH,7,1,1,1.5,1.8,
IH,7,2,1,1.3,1.6,
IH,7,3,1,1.7,3.1,
IH,7,4,1,2.1,1.9,
IH,7,5,1,3.4,3.3,
IH,7,6,1,1.7,2.6,
IH,7,7,1,1.8,2.2,
IH,7,8,1,1.6,2.7,
IH,7,9,1,1.5,1.7,
IH,7,10,1,1.3,2.3,
IH,7,11,1,2.1,2.5,
IH,7,12,1,2.7,3.6,
IH,7,13,1,1.3,2.5,
IH,7,14,1,2.7,2,
LV1,1,1,0,,,
LV1,1,2,0,,,
LV1,1,3,0,,,
LV1,1,4,0,,,
LV1,1,5,0,,,
LV1,1,6,0,,,
LV1,1,7,0,,,
LV1,1,8,0,,,
LV1,1,9,0,,,
LV1,1,10,0,,,
LV1,1,11,0,,,
LV1,1,12,0,,,
LV1,1,13,0,,,
LV1,2,1,0,,,
LV1,2,2,0,,,
LV1,2,3,0,,,
LV1,2,4,0,,,
LV1,2,5,0,,,
LV1,2,6,0,,,
LV1,2,7,0,,,
LV1,2,8,0,,,
LV1,2,9,0,,,
LV1,2,10,0,,,
LV1,2,11,0,,,
LV1,2,12,0,,,
LV1,2,13,0,,,
LV1,3,1,0,,,
LV1,3,2,0,,,
LV1,3,3,0,,,
LV1,3,4,0,,,
LV1,3,5,0,,,
LV1,3,6,0,,,
LV1,3,7,0,,,
LV1,3,8,0,,,
LV1,3,9,0,,,
LV1,3,10,0,,,
LV1,3,11,0,,,
LV1,3,12,0,,,
LV1,4,1,0,,,
LV1,4,2,0,,,
LV1,4,3,0,,,
LV1,4,4,0,,,
LV1,4,5,1,0.9,1.2,
LV1,4,6,0,,,
LV1,4,7,0,,,
LV1,4,8,0,,,
LV1,4,9,0,,,
LV1,4,10,0,,,
LV1,4,11,0,,,
LV1,4,12,0,,,
LV1,4,13,0,,,
LV1,5,1,0,,,
LV1,5,2,0,,,
LV1,5,3,0,,,
LV1,5,4,0,,,
LV1,5,5,0,,,
LV1,5,6,0,,,
LV1,5,7,0,,,
LV1,5,8,0,,,
LV1,5,9,0,,,
LV1,5,10,0,,,
LV1,5,11,0,,,
LV1,5,12,0,,,
LV1,5,13,0,,,
LV1,6,1,0,,,
LV1,6,2,0,,,
LV1,6,3,0,,,
LV1,6,4,0,,,
LV1,6,5,0,,,
LV1,6,6,1,1.8,2.2,
LV1,6,7,0,,,
LV1,6,8,0,,,
LV1,6,9,0,,,
LV1,6,10,0,,,
LV1,6,11,0,,,
LV1,6,12,0,,,
LV1,6,13,0,,,
LV1,7,1,0,,,
LV1,7,2,1,1.5,0.9,
LV1,7,3,0,,,
LV1,7,4,0,,,
LV1,7,5,0,,,
LV1,7,6,0,,,
LV1,7,7,0,,,
LV1,7,8,0,,,
LV1,7,9,0,,,
LV1,7,10,0,,,
LV1,7,11,0,,,
LV1,7,12,0,,,
LV1,7,13,0,,,
LV3,1,1,1,1.6,1.2,
LV3,1,2,1,1.7,1.2,
LV3,1,3,1,1.2,1.7,
LV3,1,4,1,1.1,1.5,
LV3,1,5,1,1.8,1.5,
LV3,1,6,1,2,1.6,
LV3,1,7,1,1.6,2,
LV3,1,8,1,1.5,1.8,
LV3,1,9,1,0.9,0.9,
LV3,1,10,1,1.8,1.9,
LV3,1,11,1,1.8,1.6,
LV3,1,12,1,1.7,1.8,
LV3,1,13,1,2.2,2,
LV3,1,14,1,1.4,1.8,
LV3,2,1,1,1.5,0.7,
LV3,2,2,1,1.7,1.7,
LV3,2,3,1,1.6,1.1,
LV3,2,4,1,1,1.9,
LV3,2,5,1,1.5,1.7,
LV3,2,6,1,2.8,1.6,
LV3,2,7,1,2.4,1.6,
LV3,2,8,0,,,
LV3,2,9,0,,,
LV3,2,10,0,,,
LV3,2,11,0,,,
LV3,2,12,0,,,
LV3,2,13,0,,,
LV3,3,1,0,,,
LV3,3,2,1,1.4,0.9,
LV3,3,3,1,0.6,0.9,
LV3,3,4,0,,,
LV3,3,5,0,,,
LV3,3,6,0,,,
LV3,3,7,0,,,
LV3,3,8,0,,,
LV3,3,9,0,,,
LV3,3,10,0,,,
LV3,3,11,0,,,
LV3,3,12,0,,,
LV3,3,13,0,,,
LV3,4,1,1,1.5,1.3,
LV3,4,2,1,1.6,1.6,
LV3,4,3,0,,,
LV3,4,4,0,,,
LV3,4,5,0,,,
LV3,4,6,1,1.6,1.7,
LV3,4,7,0,,,
LV3,4,8,0,,,
LV3,4,9,1,1.4,1.4,
LV3,4,10,0,,,
LV3,4,11,0,,,
LV3,4,12,1,2.7,1.7,
LV3,4,13,1,2.4,1.7,
LV3,5,1,1,1.1,1.1,
LV3,5,2,1,1.6,1.7,
LV3,5,3,1,1.7,1.4,
LV3,5,4,0,,,
LV3,5,5,1,1.6,1.4,
LV3,5,6,1,2,1.5,
LV3,5,7,0,,,
LV3,5,8,1,2.1,1.9,
LV3,5,9,1,1.8,2,
LV3,5,10,1,1.2,0.9,
LV3,5,11,1,1.7,0.8,
LV3,5,12,1,1.6,1.1,
LV3,5,13,1,2.4,1.8,
LV3,6,1,0,,,
LV3,6,2,0,,,
LV3,6,3,1,1.5,1.4,
LV3,6,4,1,2.4,1.2,
LV3,6,5,1,1.6,1.4,
LV3,6,6,0,,,
LV3,6,7,1,0.7,0.9,
LV3,6,8,1,2.5,1.7,
LV3,6,9,1,1.2,1.3,
LV3,6,10,0,,,
LV3,6,11,0,,,
LV3,6,12,0,,,
LV3,6,13,1,1.6,1.8,
LV3,7,1,1,2,1.6,
LV3,7,2,1,2.3,2.4,
LV3,7,3,1,2.1,1.1,
LV3,7,4,0,,,
LV3,7,5,1,1.9,0.9,
LV3,7,6,1,1.5,1.7,
LV3,7,7,0,,,
LV3,7,8,1,1.3,1.4,
LV3,7,9,1,1.7,1.5,
LV3,7,10,1,1.7,1.5,
LV3,7,11,1,1.7,1.5,
LV3,7,12,1,1.5,1.7,
LV3,7,13,1,2.4,2,
LV3,8,1,1,1,0.9,
LV3,8,2,1,1.5,1.4,
LV3,8,3,1,1.2,1.2,
LV3,8,4,1,1.5,1.7,
LV3,8,5,1,1.2,1.4,
LV3,8,6,1,1.5,1.1,
LV3,8,7,1,1.5,1,
LVTR1,1,1,0,,,
LVTR1,1,2,0,,,
LVTR1,1,3,0,,,
LVTR1,1,4,0,,,
LVTR1,1,5,0,,,
LVTR1,1,6,0,,,
LVTR1,1,7,0,,,
LVTR1,1,8,0,,,
LVTR1,1,9,0,,,
LVTR1,1,10,1,1.4,1.7,
LVTR1,1,11,1,0.4,0.3,sick/dying/pale 11/28/22
LVTR1,1,12,0,,,
LVTR1,1,13,0,,,
LVTR1,2,1,0,,,
LVTR1,2,2,0,,,
LVTR1,2,3,0,,,
LVTR1,2,4,0,,,
LVTR1,2,5,1,2.3,1.9,
LVTR1,2,6,0,,,
LVTR1,2,7,0,,,
LVTR1,2,8,0,,,
LVTR1,2,9,0,,,
LVTR1,2,10,0,,,
LVTR1,2,11,0,,,
LVTR1,2,12,0,,,
LVTR1,2,13,0,,,
LVTR1,3,1,0,,,
LVTR1,3,2,0,,,
LVTR1,3,3,0,,,
LVTR1,3,4,0,,,
LVTR1,3,5,0,,,
LVTR1,3,6,0,,,
LVTR1,3,7,0,,,
LVTR1,3,8,0,,,
LVTR1,3,9,0,,,
LVTR1,3,10,1,1.7,1.7,
LVTR1,3,11,0,,,
LVTR1,3,12,1,2.4,2.5,
LVTR1,3,13,0,,,
LVTR1,4,1,0,,,
LVTR1,4,2,0,,,
LVTR1,4,3,0,,,
LVTR1,4,4,0,,,
LVTR1,4,5,0,,,
LVTR1,4,6,0,,,
LVTR1,4,7,0,,,
LVTR1,4,8,0,,,
LVTR1,4,9,0,,,
LVTR1,4,10,0,,,
LVTR1,4,11,0,,,
LVTR1,4,12,0,,,
LVTR1,4,13,0,,,
LVTR1,5,1,0,,,
LVTR1,5,2,0,,,
LVTR1,5,3,0,,,
LVTR1,5,4,0,,,
LVTR1,5,5,0,,,
LVTR1,5,6,0,,,
LVTR1,5,7,0,,,
LVTR1,5,8,0,,,
LVTR1,5,9,0,,,
LVTR1,5,10,0,,,
LVTR1,5,11,0,,,
LVTR1,5,12,1,0.4,0.3,sick/dying/pale 11/28/22
LVTR1,5,13,1,1.6,1.6,
LVTR1,6,1,0,,,
LVTR1,6,2,1,1.4,1.7,
LVTR1,6,3,0,,,
LVTR1,6,4,0,,,
LVTR1,6,5,1,1.2,1.8,
LVTR1,6,6,0,,,
LVTR1,6,7,0,,,
LVTR1,6,8,0,,,
LVTR1,6,9,0,,,
LVTR1,6,10,0,,,
LVTR1,6,11,1,1.7,1.6,
LVTR1,6,12,1,1.1,1,
LVTR1,6,13,1,1.1,0.8,sick
LVTR1,7,1,0,,,
LVTR1,7,2,1,1.3,1,
LVTR1,7,3,0,,,
LVTR1,7,4,1,1.5,1.4,
LVTR1,7,5,0,,,
LVTR1,7,6,1,0.8,0.9,
LVTR1,7,7,0,,,
LVTR1,7,8,0,,,
LVTR1,7,9,0,,,
LVTR1,7,10,0,,,
LVTR1,7,11,0,,,
LVTR1,7,12,0,,,
LVTR1,7,13,0,,,
SC,1,1,0,,,
SC,1,2,0,,,
SC,1,3,0,,,
SC,1,4,0,,,
SC,1,5,0,,,
SC,1,6,0,,,
SC,1,7,0,,,
SC,1,8,1,2.2,2.1,
SC,1,9,1,2.1,1.5,
SC,1,10,0,,,
SC,1,11,0,,,
SC,1,12,0,,,
SC,1,13,0,,,
SC,2,1,1,2,2.1,
SC,2,2,1,2,1.7,
SC,2,3,0,,,
SC,2,4,0,,,
SC,2,5,0,,,
SC,2,6,0,,,
SC,2,7,0,,,
SC,2,8,0,,,
SC,2,9,0,,,
SC,2,10,0,,,
SC,2,11,1,1.8,2.1,
SC,2,12,0,,,
SC,2,13,1,0.4,0.7,
SC,3,1,0,,,
SC,3,2,0,,,
SC,3,3,0,,,
SC,3,4,0,,,
SC,3,5,0,,,
SC,3,6,0,,,
SC,3,7,0,,,
SC,3,8,0,,,
SC,3,9,0,,,
SC,3,10,0,,,
SC,3,11,0,,,
SC,3,12,0,,,
SC,3,13,0,,,
SC,4,1,1,2.4,2.6,
SC,4,2,1,2.2,2.9,
SC,4,3,1,2.5,2.6,
SC,4,4,1,1.8,2,
SC,4,5,1,1.6,2.5,
SC,4,6,1,1.8,3.1,
SC,4,7,1,1.9,2,
SC,4,8,1,1.2,2.9,
SC,4,9,0,,,
SC,4,10,1,2.4,3.2,
SC,4,11,0,,,
SC,4,12,0,,,
SC,4,13,1,2.2,2.9,
SC,5,1,1,3.6,3.2,
SC,5,2,0,,,
SC,5,3,1,1.2,1.4,
SC,5,4,1,3.1,3.2,
SC,5,5,1,3.1,3.1,
SC,5,6,0,,,
SC,5,7,1,2,3.3,
SC,5,8,1,2.9,3.1,
SC,5,9,1,2.5,3.1,
SC,5,10,1,2.2,3.1,
SC,5,11,1,2.9,3.2,
SC,5,12,0,,,
SC,5,13,1,2.1,2.4,
SC,6,1,1,1.1,1.4,
SC,6,2,1,2.3,1.4,
SC,6,3,1,2.1,2,
SC,6,4,1,1.9,2.8,
SC,6,5,1,2.9,1.5,
SC,6,6,1,2.9,2.9,
SC,6,7,0,,,
SC,6,8,1,3.1,2.6,
SC,6,9,0,,,
SC,6,10,1,2.5,2.4,
SC,6,11,1,0.6,1.8,
SC,6,12,1,2,3.2,
SC,6,13,0,,,
SC,7,1,0,,,
SC,7,2,0,,,
SC,7,3,0,,,
SC,7,4,0,,,
SC,7,5,0,,,
SC,7,6,0,,,
SC,7,7,0,,,
SC,7,8,0,,,
SC,7,9,0,,,
SC,7,10,0,,,
SC,7,11,0,,,
SC,7,12,0,,,
SQ1,1,1,1,1.7,1.8,
SQ1,1,2,1,1.4,1.9,
SQ1,1,3,1,1.7,2.3,
SQ1,1,4,1,2.3,2.2,
SQ1,1,5,1,1.2,1.3,
SQ1,1,6,1,0.5,0.9,
SQ1,1,7,1,1.4,1.9,
SQ1,1,8,0,,,
SQ1,1,9,1,1.7,1.7,
SQ1,1,10,0,,,
SQ1,1,11,1,1.5,2,
SQ1,1,12,1,1.4,1.6,
SQ1,1,13,1,1.4,2.3,
SQ1,2,1,0,,,
SQ1,2,2,0,,,
SQ1,2,3,1,1.2,2.3,
SQ1,2,4,1,1.1,1.9,
SQ1,2,5,1,1.7,1.6,
SQ1,2,6,0,,,
SQ1,2,7,0,,,
SQ1,2,8,1,1.1,1.2,
SQ1,2,9,1,0.9,1.5,
SQ1,2,10,0,,,
SQ1,2,11,0,,,
SQ1,2,12,0,,,
SQ1,2,13,0,,,
SQ1,3,1,0,,,
SQ1,3,2,0,,,
SQ1,3,3,0,,,
SQ1,3,4,1,1.7,1,
SQ1,3,5,0,,,
SQ1,3,6,0,,,
SQ1,3,7,0,,,
SQ1,3,8,0,,,
SQ1,3,9,0,,,
SQ1,3,10,0,,,
SQ1,3,11,0,,,
SQ1,3,12,0,,,
SQ1,3,13,0,,,
SQ1,4,1,0,,,
SQ1,4,2,1,1.4,1.6,
SQ1,4,3,0,,,
SQ1,4,4,1,1.7,2.5,
SQ1,4,5,0,,,
SQ1,4,6,0,,,
SQ1,4,7,0,,,
SQ1,4,8,0,,,
SQ1,4,9,0,,,
SQ1,4,10,0,,,
SQ1,4,11,0,,,
SQ1,4,12,0,,,
SQ1,4,13,1,1.7,1.7,
SQ1,5,1,0,,,
SQ1,5,2,0,,,
SQ1,5,3,0,,,
SQ1,5,4,0,,,
SQ1,5,5,0,,,
SQ1,5,6,0,,,
SQ1,5,7,0,,,
SQ1,5,8,0,,,
SQ1,5,9,1,0.7,0.6,
SQ1,5,10,0,,,
SQ1,5,11,0,,,
SQ1,5,12,0,,,
SQ1,5,13,1,1.5,2.1,
SQ1,6,1,0,,,
SQ1,6,2,1,0.9,1/6,
SQ1,6,3,0,,,
SQ1,6,4,1,2.1,2,
SQ1,6,5,0,,,
SQ1,6,6,0,,,
SQ1,6,7,1,0.8,1.1,
SQ1,6,8,0,,,
SQ1,6,9,0,,,
SQ1,6,10,0,,,
SQ1,6,11,0,,,
SQ1,6,12,0,,,
SQ1,6,13,0,,,
SQ1,7,1,1,2.5,2.2,
SQ1,7,2,1,2.2,1.9,
SQ1,7,3,1,1.5,1.8,
SQ1,7,4,1,1.3,1.6,
SQ1,7,5,1,2.7,3.1,
SQ1,7,6,1,2,2.3,
SQ1,7,7,1,2.3,2.1,
SQ1,7,8,1,2.2,2.4,
SQ1,7,9,1,2.2,2,
SQ1,7,10,1,2.1,2,
SQ1,7,11,1,2.4,2,
SQ1,7,12,1,3,2.8,
SQ1,7,13,1,2.1,2,
SQ1,7,14,1,1.6,1.7,
SQ1,7,15,1,0.9,1.5,
SQ1,7,16,1,1.6,2,
SQ1,7,17,1,1.9,2.2,
SQ1,7,18,1,1.6,1.5,
SQ1,7,19,1,2,1.5,
SQ1,7,20,1,2.2,1.8,
SQ1,7,21,1,0.9,0.6,
SQ2,1,1,0,,,
SQ2,1,2,0,,,
SQ2,1,3,0,,,
SQ2,1,4,0,,,
SQ2,1,5,0,,,
SQ2,1,6,0,,,
SQ2,1,7,0,,,
SQ2,1,8,0,,,
SQ2,1,9,0,,,
SQ2,1,10,1,0.9,2.6,
SQ2,1,11,0,,,
SQ2,1,12,0,,,
SQ2,1,13,1,1.4,1.5,
SQ2,2,1,0,,,
SQ2,2,2,0,,,
SQ2,2,3,0,,,
SQ2,2,4,0,,,
SQ2,2,5,0,,,
SQ2,2,6,0,,,
SQ2,2,7,0,,,
SQ2,2,8,0,,,
SQ2,2,9,0,,,
SQ2,2,10,0,,,
SQ2,2,11,0,,,
SQ2,2,12,0,,,
SQ2,2,13,0,,,
SQ2,3,1,0,,,
SQ2,3,2,0,,,
SQ2,3,3,0,,,
SQ2,3,4,0,,,
SQ2,3,5,0,,,
SQ2,3,6,0,,,
SQ2,3,7,0,,,
SQ2,3,8,0,,,
SQ2,3,9,0,,,
SQ2,3,10,0,,,
SQ2,3,11,0,,,
SQ2,3,12,0,,,
SQ2,3,13,0,,,
SQ2,4,1,0,,,
SQ2,4,2,1,0.4,0.9,
SQ2,4,3,1,0.5,1.7,
SQ2,4,4,0,,,
SQ2,4,5,0,,,
SQ2,4,6,1,1.1,1.2,
SQ2,4,7,0,,,
SQ2,4,8,0,,,
SQ2,4,9,0,,,
SQ2,4,10,0,,,
SQ2,4,11,0,,,
SQ2,4,12,0,,,
SQ2,4,13,0,,,
SQ2,5,1,0,,,
SQ2,5,2,0,,,
SQ2,5,3,1,0.9,0.9,
SQ2,5,4,0,,,
SQ2,5,5,1,0.8,1.5,
SQ2,5,6,0,,,
SQ2,5,7,1,1,1.4,
SQ2,5,8,0,,,
SQ2,5,9,0,,,
SQ2,5,10,0,,,
SQ2,5,11,0,,,
SQ2,5,12,0,,,
SQ2,5,13,0,,,
SQ2,6,1,1,0.6,1.1,
SQ2,6,2,1,0.5,1.1,
SQ2,6,3,1,0.8,2,
SQ2,6,4,1,1.4,1.6,
SQ2,6,5,0,,,
SQ2,6,6,1,1.6,1.8,
SQ2,6,7,1,0.6,1,
SQ2,6,8,1,0.4,1,
SQ2,6,9,0,,,
SQ2,6,10,1,1,1.7,
SQ2,6,11,1,0.6,1.1,
SQ2,6,12,1,1.8,2.2,
SQ2,6,13,0,,,
SQ2,7,1,0,,,
SQ2,7,2,0,,,
SQ2,7,3,0,,,
SQ2,7,4,0,,,
SQ2,7,5,0,,,
SQ2,7,6,1,0.3,NA,dead 11/28/22
SQ2,7,7,1,2.1,2.6,
SQ2,7,8,0,,,
SQ2,7,9,0,,,
SQ2,7,10,0,,,
SQ2,7,11,0,,,
SQ2,7,12,0,,,
SQ2,7,13,0,,,
SQ2,8,1,1,0.7,0.9,
SQ2,8,2,1,0.5,0.7,
SQ2,8,3,1,1.7,2.5,
SQ3,1,1,0,,,
SQ3,1,2,0,,,
SQ3,1,3,0,,,
SQ3,1,4,0,,,
SQ3,1,5,0,,,
SQ3,1,6,0,,,
SQ3,1,7,0,,,
SQ3,1,8,0,,,
SQ3,1,9,0,,,
SQ3,1,10,0,,,
SQ3,1,11,0,,,
SQ3,1,12,0,,,
SQ3,1,13,0,,,
SQ3,2,1,0,,,
SQ3,2,2,0,,,
SQ3,2,3,0,,,
SQ3,2,4,0,,,
SQ3,2,5,0,,,
SQ3,2,6,0,,,
SQ3,2,7,0,,,
SQ3,2,8,0,,,
SQ3,2,9,0,,,
SQ3,2,10,0,,,
SQ3,2,11,0,,,
SQ3,2,12,0,,,
SQ3,3,1,0,,,
SQ3,3,2,1,0.7,1.5,
SQ3,3,3,1,1.6,2.1,
SQ3,3,4,1,0.5,1,
SQ3,3,5,0,,,
SQ3,3,6,0,,,
SQ3,3,7,0,,,
SQ3,3,8,0,,,
SQ3,3,9,0,,,
SQ3,3,10,0,,,
SQ3,3,11,0,,,
SQ3,3,12,0,,,
SQ3,3,13,0,,,
SQ3,4,1,0,,,
SQ3,4,2,0,,,
SQ3,4,3,1,1,1.2,
SQ3,4,4,1,0.7,1.9,
SQ3,4,5,0,,,
SQ3,4,6,0,,,
SQ3,4,7,0,,,
SQ3,4,8,0,,,
SQ3,4,9,0,,,
SQ3,4,10,1,0.7,1.3,
SQ3,4,11,1,1.4,2.4,
SQ3,4,12,0,,,
SQ3,4,13,0,,,
SQ3,5,1,0,,,
SQ3,5,2,0,,,
SQ3,5,3,0,,,
SQ3,5,4,0,,,
SQ3,5,5,0,,,
SQ3,5,6,0,,,
SQ3,5,7,0,,,
SQ3,5,8,0,,,
SQ3,5,9,0,,,
SQ3,5,10,0,,,
SQ3,5,11,0,,,
SQ3,5,12,0,,,
SQ3,5,13,0,,,
SQ3,6,1,0,,,
SQ3,6,2,0,,,
SQ3,6,3,0,,,
SQ3,6,4,0,,,
SQ3,6,5,0,,,
SQ3,6,6,0,,,
SQ3,6,7,0,,,
SQ3,6,8,0,,,
SQ3,6,9,0,,,
SQ3,6,10,1,1,2.3,
SQ3,6,11,0,,,
SQ3,6,12,1,1.4,1.5,
SQ3,6,13,0,,,
SQ3,7,1,0,,,
SQ3,7,2,0,,,
SQ3,7,3,0,,,
SQ3,7,4,0,,,
SQ3,7,5,0,,,
SQ3,7,6,0,,,
SQ3,7,7,1,1.1,2.6,
SQ3,7,8,0,,,
SQ3,7,9,0,,,
SQ3,7,10,0,,,
SQ3,7,11,0,,,
SQ3,7,12,0,,,
SQ3,7,13,0,,,
TM2,1,1,0,,,
TM2,1,2,1,3.6,1.7,
TM2,1,3,1,5,2.7,
TM2,1,4,1,7.4,2.8,
TM2,1,5,1,5.7,2.4,
TM2,1,6,1,5.3,2.4,
TM2,1,7,1,5.6,0.7,strange meristem growth
TM2,1,8,0,,,
TM2,1,9,0,,,
TM2,1,10,1,4,2.2,
TM2,1,11,1,6.3,2.2,
TM2,1,12,1,7.8,2.9,
TM2,1,13,1,5.1,2.2,
TM2,2,1,1,2.8,1.7,
TM2,2,2,1,4.2,2.3,
TM2,2,3,0,,,
TM2,2,4,1,2.7,2,
TM2,2,5,1,2.6,1.4,
TM2,2,6,1,3.2,2,
TM2,2,7,0,,,
TM2,2,8,0,,,
TM2,2,9,0,,,
TM2,2,10,0,,,
TM2,2,11,0,,,
TM2,2,12,0,,,
TM2,2,13,1,3.2,1.9,
TM2,3,1,1,3.2,2.2,
TM2,3,2,1,2.1,1.9,
TM2,3,3,0,,,
TM2,3,4,1,2.8,1.5,
TM2,3,5,0,,,
TM2,3,6,0,,,
TM2,3,7,0,,,
TM2,3,8,0,,,
TM2,3,9,0,,,
TM2,3,10,1,2.2,2.5,
TM2,3,11,0,,,
TM2,3,12,1,4.2,2.6,
TM2,3,13,1,2.8,1.7,
TM2,4,1,0,,,
TM2,4,2,0,,,
TM2,4,3,0,,,
TM2,4,4,0,,,
TM2,4,5,0,,,
TM2,4,6,0,,,
TM2,4,7,0,,,
TM2,4,8,0,,,
TM2,4,9,1,4.6,2.5,
TM2,4,10,1,3.4,1.3,
TM2,4,11,1,3.7,2.6,
TM2,4,12,1,5.4,3,
TM2,4,13,0,,,
TM2,5,1,1,2.5,1.8,
TM2,5,2,0,,,
TM2,5,3,1,4.1,1.5,
TM2,5,4,0,,,
TM2,5,5,1,3.3,1.9,
TM2,5,6,0,,,
TM2,5,7,1,5.9,3,
TM2,5,8,1,3.1,1.3,
TM2,5,9,1,3,2.1,
TM2,5,10,0,,,
TM2,5,11,0,,,
TM2,5,12,0,,,
TM2,5,13,1,4.3,1.9,
TM2,6,1,1,5.4,2.3,
TM2,6,2,0,,,
TM2,6,3,0,,,
TM2,6,4,0,,,
TM2,6,5,1,5.3,3.1,
TM2,6,6,0,,,
TM2,6,7,1,1.5,1.1,
TM2,6,8,0,,,
TM2,6,9,0,,,
TM2,6,10,0,,,
TM2,6,11,0,,,
TM2,6,12,0,,,
TM2,6,13,0,,,
TM2,7,1,0,,,
TM2,7,2,0,,,
TM2,7,3,0,,,
TM2,7,4,0,,,
TM2,7,5,0,,,
TM2,7,6,0,,,
TM2,7,7,0,,,
TM2,7,8,0,,,
TM2,7,9,0,,,
TM2,7,10,0,,,
TM2,7,11,1,4,1.9,
TM2,7,12,0,,,
TM2,7,13,0,,,
WL1,1,1,1,1.5,0.8,
WL1,1,2,1,1.9,1.2,
WL1,1,3,1,3.2,1.6,
WL1,1,4,1,1.7,1.9,
WL1,1,5,1,3.4,2.6,
WL1,1,6,1,2.3,1.6,
WL1,1,7,1,2,2.1,
WL1,1,8,1,2.1,2.1,
WL1,1,9,1,2.4,2.4,
WL1,1,10,1,2.6,1.7,
WL1,1,11,1,2.3,1.5,
WL1,1,12,1,2.4,2.4,
WL1,1,13,1,2,1.2,
WL1,1,14,1,1.4,1.5,
WL1,1,15,1,2.4,2,
WL1,1,16,1,2.3,2.5,
WL1,1,17,1,1.7,1.4,
WL1,1,18,1,1.9,1.9,
WL1,1,19,1,1.5,1.4,
WL1,1,20,1,2,1.8,
WL1,1,21,1,2,2.2,
WL1,1,22,1,1.8,1.6,
WL1,1,23,1,1.4,0.8,
WL1,1,24,1,1.7,2.1,
WL1,1,25,1,1.9,1.8,
WL1,1,26,1,1.9,2,
WL1,1,27,1,1.4,1.7,
WL1,1,28,1,1.5,1.2,
WL1,2,1,1,2,1.3,
WL1,2,2,1,2,1.4,
WL1,2,3,1,1.6,1.7,
WL1,2,4,1,1.9,1.8,
WL1,2,5,1,2.5,2.4,
WL1,2,6,1,2.4,2,
WL1,2,7,1,2.3,2.2,
WL1,2,8,1,2,1.9,
WL1,2,9,1,2.7,2.1,
WL1,2,10,1,2.5,2.7,
WL1,2,11,1,1.5,2.5,
WL1,2,12,1,2.8,2.4,
WL1,2,13,1,2.4,2,
WL1,2,14,1,1.9,1.5,
WL1,2,15,1,2,2.3,
WL1,2,16,1,2.2,2,
WL1,2,17,1,1.7,1.8,
WL1,3,1,1,1.4,2.7,
WL1,3,2,1,2.8,2.4,
WL1,3,3,1,1,1.5,
WL1,3,4,0,,,
WL1,3,5,1,2.4,2.1,
WL1,3,6,1,2,3,
WL1,3,7,0,,,
WL1,3,8,0,,,
WL1,3,9,1,2.6,3.3,
WL1,3,10,0,,,
WL1,3,11,0,,,
WL1,3,12,1,1.5,1.8,
WL1,3,13,0,,,
WL1,4,1,1,1.5,1.4,
WL1,4,2,1,2.7,2.2,
WL1,4,3,1,2.2,2.4,
WL1,4,4,1,2.5,2.1,
WL1,4,5,1,2.9,2.6,
WL1,4,6,1,2.7,2.3,
WL1,4,7,1,1.5,2.4,
WL1,4,8,1,1.7,2.3,
WL1,4,9,1,2.3,2.4,
WL1,4,10,1,2.7,2.5,
WL1,4,11,1,2.3,2.5,
WL1,4,12,1,3.1,3,
WL1,4,13,1,1.4,2.3,
WL1,4,14,1,1.7,1.4,
WL1,5,1,0,,,
WL1,5,2,0,,,
WL1,5,3,1,3,1.9,
WL1,5,4,0,,,
WL1,5,5,0,,,
WL1,5,6,0,,,
WL1,5,7,0,,,
WL1,5,8,1,2.5,2.7,
WL1,5,9,0,,,
WL1,5,10,0,,,
WL1,5,11,1,1.5,2.5,
WL1,5,12,0,,,
WL1,5,13,0,,,
WL1,6,1,1,2.1,1.7,
WL1,6,2,1,2.1,1.5,
WL1,6,3,1,2.5,2,
WL1,6,4,1,4,2.5,
WL1,6,5,1,1.9,1.5,
WL1,6,6,1,2,2,
WL1,6,7,1,2.5,3,
WL1,6,8,1,2.3,1.9,
WL1,6,9,1,2.4,2.6,
WL1,6,10,1,2.5,2.5,
WL1,6,11,1,2.8,2.1,
WL1,6,12,1,2.2,2.1,
WL1,6,13,1,2.3,2.4,
WL1,6,14,1,2,2,
WL1,6,15,1,1.5,1.9,
WL1,6,16,1,2.2,1.9,
WL1,6,17,1,1.5,1.9,
WL1,6,18,1,2,1.9,
WL1,6,19,1,1.9,2.1,
WL1,6,20,1,2.3,1.5,
WL1,6,21,1,1.7,1.8,
WL1,6,22,1,2.1,1.5,
WL1,6,23,1,1.7,2.1,
WL1,6,24,1,2.1,2.2,
WL1,6,25,1,1.4,0.9,
WL1,6,26,1,1.3,0.7,
WL1,6,27,1,1.8,2,
WL1,6,28,1,1.8,2.2,
WL1,7,1,1,2.9,2.5,
WL1,7,2,1,1.8,2.6,
WL1,7,3,1,2.5,2,
WL1,7,4,1,3,2.3,
WL1,7,5,1,3,3.2,
WL1,7,6,1,1.7,2.4,
WL1,7,7,1,2.5,2.1,
WL1,7,8,1,2.6,2.6,
WL1,7,9,1,3.1,2.5,
WL1,7,10,1,3.1,2.7,
WL1,7,11,1,2.5,3,
WL1,7,12,1,2.8,2.4,
WL1,7,13,1,3.2,3.1,
WL1,7,14,1,1.9,1.6,
WL1,7,15,1,2.2,1.7,
WL1,7,16,1,1.3,1.2,
WL1,7,17,1,2.4,1.7,
WL1,7,18,1,1.7,1,
WL1,7,19,1,1.9,1.9,
WL1,7,20,1,1.6,1,
WL1,7,21,1,1.5,1.2,
WL1,7,22,1,1.6,1.1,
WL1,7,23,1,1,0.7,
WL1,7,24,1,1.8,1.3,
WL1,7,25,1,1.6,1.2,
WL1,7,26,1,1.4,1.7,
WL1,7,27,1,2,1.2,
WL1,7,28,1,1.4,1.8,
WL2,1,1,1,0.4,0.4,
WL2,1,2,0,,,
WL2,1,3,0,,,
WL2,1,4,0,,,
WL2,1,5,0,,,
WL2,1,6,0,,,
WL2,1,7,1,1.7,1.5,
WL2,1,8,1,1.7,1.2,
WL2,1,9,1,1.3,1.2,
WL2,1,10,0,,,
WL2,1,11,0,,,
WL2,1,12,0,,,
WL2,1,13,1,1.1,0.5,
WL2,2,1,0,,,
WL2,2,2,0,,,
WL2,2,3,0,,,
WL2,2,4,0,,,
WL2,2,5,0,,,
WL2,2,6,0,,,
WL2,2,7,0,,,
WL2,2,8,0,,,
WL2,2,9,0,,,
WL2,2,10,0,,,
WL2,2,11,0,,,
WL2,2,12,0,,,
WL2,2,13,0,,,
WL2,3,1,0,,,
WL2,3,2,0,,,
WL2,3,3,0,,,
WL2,3,4,1,2.5,2.2,
WL2,3,5,0,,,
WL2,3,6,0,,,
WL2,3,7,1,1.6,0.7,
WL2,3,8,1,NA,NA,dead
WL2,3,9,0,,,
WL2,3,10,0,,,
WL2,3,11,0,,,
WL2,3,12,0,,,
WL2,3,13,1,1,0.5,
WL2,4,1,1,2.2,1.9,
WL2,4,2,0,,,
WL2,4,3,1,1.7,1.2,
WL2,4,4,1,0.8,0.6,
WL2,4,5,1,2.1,1.8,
WL2,4,6,1,2.4,1.6,
WL2,4,7,0,,,
WL2,4,8,1,NA,NA,dead
WL2,4,9,1,1.9,2,
WL2,4,10,1,1.7,1.1,
WL2,4,11,1,0.4,0.8,
WL2,4,12,1,1.4,2.2,
WL2,4,13,0,,,
WL2,5,1,1,2.8,3.4,
WL2,5,2,0,,,
WL2,5,3,1,1.8,1.5,
WL2,5,4,1,2.4,1.7,
WL2,5,5,0,,,
WL2,5,6,1,2.5,2.1,
WL2,5,7,0,,,
WL2,5,8,1,NA,NA,dead
WL2,5,9,0,,,
WL2,5,10,0,,,
WL2,5,11,1,1.8,2,
WL2,5,12,0,,,
WL2,5,13,0,,,
WL2,6,1,0,,,
WL2,6,2,0,,,
WL2,6,3,0,,,
WL2,6,4,0,,,
WL2,6,5,0,,,
WL2,6,6,0,,,
WL2,6,7,0,,,
WL2,6,8,0,,,
WL2,6,9,0,,,
WL2,6,10,0,,,
WL2,6,11,0,,,
WL2,6,12,0,,,
WL2,6,13,0,,,
WL2,7,1,0,,,
WL2,7,2,0,,,
WL2,7,3,1,3.8,2.5,
WL2,7,4,0,,,
WL2,7,5,0,,,
WL2,7,6,0,,,
WL2,7,7,0,,,
WL2,7,8,0,,,
WL2,7,9,0,,,
WL2,7,10,0,,,
WL2,7,11,0,,,
WL2,7,12,0,,,
WL2,7,13,0,,,
WR,1,1,1,1.8,1.9,
WR,1,2,0,,,
WR,1,3,0,,,
WR,1,4,0,,,
WR,1,5,0,,,
WR,1,6,1,0.9,0.9,
WR,1,7,1,0.7,0.8,
WR,1,8,0,,,
WR,1,9,1,1,1,
WR,1,10,0,,,
WR,1,11,1,1.7,2,
WR,1,12,0,,,
WR,1,13,0,,,
WR,2,1,0,,,
WR,2,2,1,1.6,1.7,
WR,2,3,0,,,
WR,2,4,0,,,
WR,2,5,0,,,
WR,2,6,0,,,
WR,2,7,1,3.5,2.8,
WR,2,8,1,1.5,1.5,
WR,2,9,0,,,
WR,2,10,0,,,
WR,2,11,0,,,
WR,2,12,0,,,
WR,2,13,0,,,
WR,3,1,0,,,
WR,3,2,0,,,
WR,3,3,0,,,
WR,3,4,0,,,
WR,3,5,0,,,
WR,3,6,0,,,
WR,3,7,1,1.8,2.2,
WR,3,8,0,,,
WR,3,9,0,,,
WR,3,10,0,,,
WR,3,11,0,,,
WR,3,12,0,,,
WR,3,13,0,,,
WV,1,1,0,,,
WV,1,2,0,,,
WV,1,3,0,,,
WV,1,4,0,,,
WV,1,5,0,,,
WV,1,6,0,,,
WV,1,7,0,,,
WV,1,8,0,,,
WV,1,9,0,,,
WV,1,10,0,,,
WV,1,11,0,,,
WV,1,12,0,,,
WV,1,13,0,,,
WV,2,1,0,,,
WV,2,2,0,,,
WV,2,3,0,,,
WV,2,4,0,,,
WV,2,5,0,,,
WV,2,6,0,,,
WV,2,7,0,,,
WV,2,8,0,,,
WV,2,9,0,,,
WV,2,10,0,,,
WV,2,11,0,,,
WV,2,12,0,,,
WV,3,1,0,,,
WV,3,2,0,,,
WV,3,3,0,,,
WV,3,4,0,,,
WV,3,5,0,,,
WV,3,6,0,,,
WV,3,7,0,,,
WV,3,8,0,,,
WV,3,9,0,,,
WV,3,10,0,,,
WV,3,11,0,,,
WV,3,12,0,,,
WV,3,13,0,,,
WV,4,1,0,,,
WV,4,2,0,,,
WV,4,3,0,,,
WV,4,4,1,0.7,0.5,
WV,4,5,0,,,
WV,4,6,0,,,
WV,4,7,0,,,
WV,4,8,0,,,
WV,4,9,0,,,
WV,4,10,1,2.1,1.4,
WV,4,11,0,,,
WV,4,12,0,,,
WV,4,13,0,,,
WV,5,1,0,,,
WV,5,2,0,,,
WV,5,3,0,,,
WV,5,4,0,,,
WV,5,5,0,,,
WV,5,6,0,,,
WV,5,7,0,,,
WV,5,8,0,,,
WV,5,9,0,,,
WV,5,10,0,,,
WV,5,11,0,,,
WV,5,12,0,,,
WV,5,13,0,,,
WV,6,1,0,,,
WV,6,2,0,,,
WV,6,3,0,,,
WV,6,4,0,,,
WV,6,5,0,,,
WV,6,6,0,,,
WV,6,7,0,,,
WV,6,8,0,,,
WV,6,9,0,,,
WV,6,10,0,,,
WV,6,11,0,,,
WV,6,12,0,,,
WV,6,13,0,,,
WV,7,1,0,,,
WV,7,2,0,,,
WV,7,3,0,,,
WV,7,4,0,,,
WV,7,5,0,,,
WV,7,6,0,,,
WV,7,7,0,,,
WV,7,8,0,,,
WV,7,9,0,,,
WV,7,10,0,,,
WV,7,11,0,,,
WV,7,12,0,,,
WV,7,13,0,,,
YO11,1,1,0,,,
YO11,1,2,0,,,
YO11,1,3,0,,,
YO11,1,4,0,,,
YO11,1,5,0,,,
YO11,1,6,0,,,
YO11,1,7,0,,,
YO11,1,8,0,,,
YO11,1,9,0,,,
YO11,1,10,0,,,
YO11,1,11,0,,,
YO11,1,12,0,,,
YO11,1,13,0,,,
YO11,2,1,0,,,
YO11,2,2,1,2.5,1.7,
YO11,2,3,1,1,0.4,only 2 leaves
YO11,2,4,0,,,
YO11,2,5,0,,,
YO11,2,6,0,,,
YO11,2,7,0,,,
YO11,2,8,0,,,
YO11,2,9,0,,,
YO11,2,10,0,,,
YO11,2,11,0,,,
YO11,2,12,0,,,
YO11,2,13,0,,,
YO11,3,1,0,,,
YO11,3,2,0,,,
YO11,3,3,1,3,1.6,
YO11,3,4,0,,,
YO11,3,5,0,,,
YO11,3,6,0,,,
YO11,3,7,0,,,
YO11,3,8,0,,,
YO11,3,9,0,,,
YO11,3,10,0,,,
YO11,3,11,0,,,
YO11,3,12,1,1,0.9,
YO11,3,13,1,2.3,1.4,
YO11,4,1,0,,,
YO11,4,2,0,,,
YO11,4,3,0,,,
YO11,4,4,0,,,
YO11,4,5,0,,,
YO11,4,6,0,,,
YO11,4,7,0,,,
YO11,4,8,0,,,
YO11,4,9,0,,,
YO11,4,10,1,2.2,2.5,
YO11,4,11,0,,,
YO11,4,12,0,,,
YO11,4,13,0,,,
YO11,5,1,0,,,
YO11,5,2,0,,,
YO11,5,3,0,,,
YO11,5,4,0,,,
YO11,5,5,0,,,
YO11,5,6,0,,,
YO11,5,7,0,,,
YO11,5,8,0,,,
YO11,5,9,0,,,
YO11,5,10,0,,,
YO11,5,11,0,,,
YO11,5,12,0,,,
YO11,5,13,1,2.8,1.4,
YO11,6,1,0,,,
YO11,6,2,0,,,
YO11,6,3,0,,,
YO11,6,4,0,,,
YO11,6,5,0,,,
YO11,6,6,1,1.7,1.1,
YO11,6,7,1,1.6,0.6,
YO11,6,8,0,,,
YO11,6,9,1,2.3,1.9,
YO11,6,10,0,,,
YO11,6,11,0,,,
YO11,6,12,0,,,
YO11,6,13,1,1.4,1.1,
YO11,7,1,1,1.4,1.2,
YO11,7,2,1,1.9,1,
YO11,7,3,0,,,
YO11,7,4,0,,,
YO11,7,5,0,,,
YO11,7,6,0,,,
YO11,7,7,0,,,
YO11,7,8,0,,,
YO11,7,9,0,,,
YO11,7,10,0,,,
YO11,7,11,0,,,
YO11,7,12,0,,,
YO11,7,13,1,2,0.9,
YO4,1,1,1,1.6,1.7,
YO4,1,2,0,,,
YO4,1,3,0,,,
YO4,1,4,0,,,
YO4,1,5,0,,,
YO4,1,6,0,,,
YO4,1,7,0,,,
YO4,1,8,0,,,
YO4,1,9,0,,,
YO4,1,10,0,,,
YO4,1,11,0,,,
YO4,1,12,0,,,
YO4,1,13,1,2.6,2.6,
YO4,2,1,0,,,
YO4,2,2,1,2.8,2.7,
YO4,2,3,0,,,
YO4,2,4,0,,,
YO4,2,5,0,,,
YO4,2,6,0,,,
YO4,2,7,0,,,
YO4,2,8,0,,,
YO4,2,9,0,,,
YO4,2,10,0,,,
YO4,2,11,0,,,
YO4,2,12,0,,,
YO4,2,13,0,,,
YO4,3,1,0,,,
YO4,3,2,0,,,
YO4,3,3,0,,,
YO4,3,4,0,,,
YO4,3,5,0,,,
YO4,3,6,0,,,
YO4,3,7,0,,,
YO4,3,8,0,,,
YO4,3,9,0,,,
YO4,3,10,0,,,
YO4,3,11,0,,,
YO4,3,12,0,,,
YO4,3,13,0,,,
YO4,4,1,0,,,
YO4,4,2,0,,,
YO4,4,3,1,1.6,2.2,
YO4,4,4,1,3,2.6,
YO4,4,5,1,2.9,2.1,
YO4,4,6,0,,,
YO4,4,7,0,,,
YO4,4,8,0,,,
YO4,4,9,0,,,
YO4,4,10,0,,,
YO4,4,11,0,,,
YO4,4,12,0,,,
YO4,4,13,0,,,
YO4,5,1,0,,,
YO4,5,2,0,,,
YO4,5,3,0,,,
YO4,5,4,0,,,
YO4,5,5,0,,,
YO4,5,6,0,,,
YO4,5,7,0,,,
YO4,5,8,0,,,
YO4,5,9,0,,,
YO4,5,10,0,,,
YO4,5,11,0,,,
YO4,5,12,0,,,
YO4,6,1,0,,,
YO4,6,2,0,,,
YO4,6,3,0,,,
YO4,6,4,0,,,
YO4,6,5,0,,,
YO4,6,6,0,,,
YO4,6,7,0,,,
YO4,6,8,0,,,
YO4,6,9,0,,,
YO4,6,10,0,,,
YO4,6,11,0,,,
YO4,6,12,0,,,
YO4,6,13,0,,,
YO4,7,1,0,,,
YO4,7,2,0,,,
YO4,7,3,0,,,
YO4,7,4,0,,,
YO4,7,5,0,,,
YO4,7,6,0,,,
YO4,7,7,0,,,
YO4,7,8,0,,,
YO4,7,9,0,,,
YO4,7,10,0,,,
YO4,7,11,0,,,
YO4,7,12,0,,,
YO4,7,13,0,,,
YO7,1,1,0,,,
YO7,1,2,0,,,
YO7,1,3,0,,,
YO7,1,4,0,,,
YO7,1,5,0,,,
YO7,1,6,0,,,
YO7,1,7,0,,,
YO7,1,8,0,,,
YO7,1,9,0,,,
YO7,1,10,0,,,
YO7,1,11,0,,,
YO7,1,12,0,,,
YO7,1,13,0,,,
YO7,2,1,1,0.3,1.1,
YO7,2,2,0,,,
YO7,2,3,1,0.7,1.5,
YO7,2,4,0,,,
YO7,2,5,0,,,
YO7,2,6,0,,,
YO7,2,7,0,,,
YO7,2,8,0,,,
YO7,2,9,1,0.4,2.1,
YO7,2,10,1,NA,NA,dead
YO7,2,11,0,,,
YO7,2,12,0,,,
YO7,2,13,0,,,
YO7,3,1,1,2.5,1.9,
YO7,3,2,0,,,
YO7,3,3,0,,,
YO7,3,4,0,,,
YO7,3,5,0,,,
YO7,3,6,0,,,
YO7,3,7,0,,,
YO7,3,8,0,,,
YO7,3,9,0,,,
YO7,3,10,0,,,
YO7,3,11,0,,,
YO7,3,12,0,,,
YO7,3,13,0,,,
YO7,4,1,0,,,
YO7,4,2,1,0.9,1.1,
YO7,4,3,0,,,
YO7,4,4,1,1.2,1.1,
YO7,4,5,0,,,
YO7,4,6,0,,,
YO7,4,7,1,1.4,1.6,
YO7,4,8,0,,,
YO7,4,9,0,,,
YO7,4,10,0,,,
YO7,4,11,0,,,
YO7,4,12,1,1.2,2.3,
YO7,4,13,0,,,
YO7,5,1,1,NA,NA,
YO7,5,2,0,,,
YO7,5,3,0,,,
YO7,5,4,0,,,
YO7,5,5,1,0.6,1.7,
YO7,5,6,0,,,
YO7,5,7,0,,,
YO7,5,8,0,,,
YO7,5,9,0,,,
YO7,5,10,0,,,
YO7,5,11,0,,,
YO7,5,12,0,,,
YO7,5,13,0,,,
YO7,6,1,0,,,
YO7,6,2,0,,,
YO7,6,3,0,,,
YO7,6,4,0,,,
YO7,6,5,0,,,
YO7,6,6,0,,,
YO7,6,7,0,,,
YO7,6,8,0,,,
YO7,6,9,0,,,
YO7,6,10,1,0.9,1.8,
YO7,6,11,0,,,
YO7,6,12,0,,,
YO7,6,13,0,,,
YO7,7,1,0,,,
YO7,7,2,0,,,
YO7,7,3,0,,,
YO7,7,4,0,,,
YO7,7,5,0,,,
YO7,7,6,0,,,
YO7,7,7,0,,,
YO7,7,8,0,,,
YO7,7,9,0,,,
YO7,7,10,0,,,
YO7,7,11,1,1.4,2.1,
YO7,7,12,0,,,
YO7,7,13,1,0.7,0.8,
YO7,8,1,1,1.3,1.6,
YO7,8,2,1,1.5,1.6,
YO7,8,3,1,0.6,0.4,
YO8,1,1,0,,,
YO8,1,2,0,,,
YO8,1,3,0,,,
YO8,1,4,0,,,
YO8,1,5,0,,,
YO8,1,6,0,,,
YO8,1,7,0,,,
YO8,1,8,0,,,
YO8,1,9,0,,,
YO8,1,10,1,3.4,2.4,
YO8,1,11,0,,,
YO8,1,12,0,,,
YO8,1,13,0,,,
YO8,2,1,0,,,
YO8,2,2,1,3.1,3.7,
YO8,2,3,0,,,
YO8,2,4,0,,,
YO8,2,5,0,,,
YO8,2,6,0,,,
YO8,2,7,0,,,
YO8,2,8,0,,,
YO8,2,9,0,,,
YO8,2,10,0,,,
YO8,2,11,1,1.2,2.4,
YO8,2,12,0,,,
YO8,2,13,0,,,
YO8,3,1,0,,,
YO8,3,2,0,,,
YO8,3,3,0,,,
YO8,3,4,0,,,
YO8,3,5,1,2,1.9,
YO8,3,6,1,1.6,1.9,
YO8,3,7,0,,,
YO8,3,8,0,,,
YO8,3,9,0,,,
YO8,3,10,0,,,
YO8,3,11,0,,,
YO8,3,12,1,1.8,2.5,
YO8,3,13,0,,,
YO8,4,1,0,,,
YO8,4,2,0,,,
YO8,4,3,0,,,
YO8,4,4,0,,,
YO8,4,5,0,,,
YO8,4,6,0,,,
YO8,4,7,0,,,
YO8,4,8,0,,,
YO8,4,9,0,,,
YO8,4,10,0,,,
YO8,4,11,0,,,
YO8,4,12,0,,,
YO8,4,13,0,,,
YO8,5,1,0,,,
YO8,5,2,0,,,
YO8,5,3,0,,,
YO8,5,4,0,,,
YO8,5,5,0,,,
YO8,5,6,0,,,
YO8,5,7,0,,,
YO8,5,8,0,,,
YO8,5,9,0,,,
YO8,5,10,0,,,
YO8,5,11,0,,,
YO8,5,12,0,,,
YO8,5,13,0,,,
YO8,6,1,0,,,
YO8,6,2,1,1.3,2.4,
YO8,6,3,0,,,
YO8,6,4,0,,,
YO8,6,5,0,,,
YO8,6,6,0,,,
YO8,6,7,0,,,
YO8,6,8,0,,,
YO8,6,9,0,,,
YO8,6,10,0,,,
YO8,6,11,0,,,
YO8,6,12,0,,,
YO8,6,13,0,,,
YO8,7,1,0,,,
YO8,7,2,1,1.9,2,
YO8,7,3,0,,,
YO8,7,4,1,1.5,2.9,
YO8,7,5,0,,,
YO8,7,6,1,1.6,1.9,
YO8,7,7,0,,,
YO8,7,8,0,,,
YO8,7,9,1,1.1,0.7,
YO8,7,10,1,1.7,3,
YO8,7,11,1,1.8,2.8,
SQ3,2,14,0,,,
YO8,7,13,0,,,